-- phpMyAdmin SQL Dump
-- version 5.2.0
-- https://www.phpmyadmin.net/
--
-- Host: localhost:8889
-- Generation Time: Oct 22, 2023 at 12:05 PM
-- Server version: 5.7.39
-- PHP Version: 8.2.0

SET SQL_MODE = "NO_AUTO_VALUE_ON_ZERO";
START TRANSACTION;
SET time_zone = "+00:00";


/*!40101 SET @OLD_CHARACTER_SET_CLIENT=@@CHARACTER_SET_CLIENT */;
/*!40101 SET @OLD_CHARACTER_SET_RESULTS=@@CHARACTER_SET_RESULTS */;
/*!40101 SET @OLD_COLLATION_CONNECTION=@@COLLATION_CONNECTION */;
/*!40101 SET NAMES utf8mb4 */;

--
-- Database: `TestBaseAPIs`
--

-- --------------------------------------------------------

--
-- Table structure for table `DeleteTracker`
--
DROP TABLE IF EXISTS `DeleteTracker`;
CREATE TABLE `DeleteTracker` (
  `DeleteTracker_ID` int(11) NOT NULL,
  `DeleteTracker_DATE` datetime NOT NULL,
  `DeleteTracker_ENTITY` varchar(20) NOT NULL,
  `DeleteTracker_ObjID` varchar(64) NOT NULL,
  `DeleteTracker_DEVICE` int(11) NOT NULL
) ENGINE=InnoDB DEFAULT CHARSET=utf8;

-- --------------------------------------------------------

--
-- Table structure for table `DEVICES`
--
DROP TABLE IF EXISTS `DEVICES`;
CREATE TABLE `DEVICES` (
  `DEVICE_ID` int(11) NOT NULL COMMENT 'Clé  primaire',
  `DEVICE_UUID` varchar(255) NOT NULL COMMENT 'UUID pour reconnaître de manière unique un appareil',
  `DEVICE_NAME` varchar(100) NOT NULL,
  `DEVICE_USER` int(11) NOT NULL,
  `DEVICE_PRIVATEKEY` varchar(255) NOT NULL,
  `DEVICE_CONNECTION_DATE` timestamp NOT NULL DEFAULT CURRENT_TIMESTAMP ON UPDATE CURRENT_TIMESTAMP,
  `DEVICE_ISCONNECTED` tinyint(1) NOT NULL,
  `LAST_SYNC` timestamp NULL DEFAULT NULL
) ENGINE=InnoDB DEFAULT CHARSET=utf8;

--
-- Dumping data for table `DEVICES`
--

INSERT INTO `DEVICES` (`DEVICE_ID`, `DEVICE_UUID`, `DEVICE_NAME`, `DEVICE_USER`, `DEVICE_PRIVATEKEY`, `DEVICE_CONNECTION_DATE`, `DEVICE_ISCONNECTED`, `LAST_SYNC`) VALUES
(1, 'fjkhgqpuweifjéa', 'Bertrand', 1, '$2y$10$lOB1SN87G0OPT75bN/0zf.WE7DydQ2GKk.oRCyjtqAaRkJQrbpfx.', '2023-10-22 12:03:49', 0, '2023-10-15 15:21:23'),
(2, 'DF4DC8A4-E360-572E-A39A-742C3D0D4EE9', 'Jaccoud’s MacBook Pro', 1, '$2y$10$/6.kTI.C3S4HHzePeDtlD.lt2M8eZgDVuROMeieOjGzbNztzrUbXG', '2023-10-15 12:02:29', 0, '2023-09-09 15:19:27'),
(3, '809925B3-180A-4265-8100-E267E295E322', 'Bertrand', 1, '$2y$10$KM1sidSF572Qa4ArEFm4jOX4hbAjpJCRlO2BIvUORAkQ/VL.7iJNS', '2023-10-22 12:04:47', 0, '2023-09-29 12:04:47');

-- --------------------------------------------------------

--
-- Table structure for table `Entites`
--
DROP TABLE IF EXISTS `Entites`;
CREATE TABLE `Entites` (
  `Entity_ID` int(11) NOT NULL,
  `Entity_TableName` varchar(20) NOT NULL,
  `ENTITY_ORDER` int(11) NOT NULL
) ENGINE=InnoDB DEFAULT CHARSET=utf8;

--
-- Dumping data for table `Entites`
--

INSERT INTO `Entites` (`Entity_ID`, `Entity_TableName`, `ENTITY_ORDER`) VALUES
(1, 'Product', 1),
(2, 'Feature', 2),
(3, 'ProgramClass', 2),
(4, 'ToDo', 3);

-- --------------------------------------------------------

--
-- Table structure for table `Feature`
--
DROP TABLE IF EXISTS `Feature`;
CREATE TABLE `Feature` (
  `FEATURE_ID` varchar(64) NOT NULL,
  `FEATURE_NAME` varchar(255) DEFAULT NULL,
  `FEATURE_OBJECTIVE` text,
  `FEATURE_STATUS` int(11) DEFAULT NULL,
  `FEATURE_PRODUCT` varchar(64) NOT NULL,
  `FEATURE_USER` int(11) NOT NULL,
  `LAST_MODIF` datetime NOT NULL,
  `LAST_SYNC` timestamp NOT NULL DEFAULT CURRENT_TIMESTAMP ON UPDATE CURRENT_TIMESTAMP,
  `DEVICE_MODIF` int(11) NOT NULL
) ENGINE=InnoDB DEFAULT CHARSET=utf8;

--
-- Dumping data for table `Feature`
--

INSERT INTO `Feature` (`FEATURE_ID`, `FEATURE_NAME`, `FEATURE_OBJECTIVE`, `FEATURE_STATUS`, `FEATURE_PRODUCT`, `FEATURE_USER`, `LAST_MODIF`, `LAST_SYNC`, `DEVICE_MODIF`) VALUES
('12CCD893-03DE-423E-AA36-87615C5614EC', 'Ergonomy', NULL, 2, '94009E28-9111-4EAB-8A3E-BEE18D92D2CD', 1, '2023-09-09 17:18:26', '2023-09-09 15:18:26', 2),
('19F2987E-5085-4511-A357-8B8F5BE89523', 'Ergonomie de l’application', 'TOKAmWlkw6llIGRlIGzigJlhcHBsaWNhdGlvbiBlc3QgcXXigJllbGxlIHNvaXQgdHLDqHMgZXJnb25vbWlxdWUuICBEYW5zIGNlIGNhcywgaWwgZXN0IG7DqWNlc3NhaXJlIGTigJlhdm9pciBwbGVpbiBkZSBwZXRpdGVzIGZvbmN0aW9ubmFsaXTDqXMgYXV0b21hdGlxdWUuIFZvaWNpIGRvbmMgcXVlbHF1ZXMgaWTDqWVzLgoKLSBGYWlyZSB1biBtb3llbiBkZSBzYXV2ZWdhcmRlIGRlcyBzw6lsZWN0aW9ucyBwcsOpY8OpZGVudGVzLiBM4oCZaWTDqWUgZXN0IGRlIHNhdXZlZ2FyZGVyIGzigJlhbmNpZW4g4oCcU3ViUHJvZHVjdOKAnSBzw6lsZWN0aW9ubsOpIGRhbnMgdW4gcHJvZHVpdCBjb21tZSBhdHRyaWJ1dCwgZXQgcG91ciBjaGFxdWUg4oCcU3ViUHJvZHVjdOKAnSwgb24gdmEgbcOpbW9yaXNlciBs4oCZYW5jaWVuIFRvRG8gc8OpbGVjdGlvbm5lci4gUHVpcywgbG9yc3F1ZSBs4oCZb24gdmEgc8OpbGVjdGlvbm5lciB1biBwcm9qZXQsIG9uIGRldnJhIHJldmVuaXIgc3VyIGxlcyBzw6lsZWN0aW9ucyBwcsOpY8OpZGVudGVzIChtYWlzICBwYXMgcXVhbmQgb24gc8OpbGVjdGlvbm5lIHVuZSBGZWF0dXJlICEhISBTaW5vbiBvbiB2YSBzdXBwcmltZXIgbGEgZm9uY3Rpb25uYWxpdMOpICBk4oCZw6lkaXRpb24gZGVzIEZlYXR1cmVzKQ==', 0, '9F14DFD7-4BFD-4413-BC2C-46263E668280', 1, '2023-09-09 17:18:26', '2023-09-09 15:18:26', 2),
('1F37535D-55C6-4C4B-92A5-56611209B93A', 'Test Canvas', NULL, 0, '3DB42C90-0A3B-42D8-B070-616416833381', 2, '2023-09-09 17:18:26', '2023-10-15 12:21:18', 2),
('404D6F64-DE2E-4D15-B13A-153729C2301F', 'Ordres de travail', 'Q2UgdHJhdmFpbCB2YSBkw6lib3VjaGVyIHN1ciBsYSBmZW7DqnRyZSBkZXMgb3JkcmVzIGRlIHRyYXZhaWwuIAoKTOKAmWlkw6llIGRlIGNldHRlIGZlbsOqdHJlIHNlcmEgZGUgY3LDqWVyIGxlcyB0w6JjaGVzIHF1aSB2b250IHBlcm1ldHRyZSBkZSByw6lwYXJ0aXIgbGUgdHJhdmFpbCBldCBkZSBkb25uZXIgZGVzIG9yZHJlcyBkZSB0cmF2YWlsLiBDZWxhIHNlIGJhc2Ugc3VyIHF1ZWxxdWVzIG5vdGlvbnMgOiAKCjEuIFLDqWN1cnJlbmNlIGRlcyBPUC9QT1AgOiBJbCBlc3QgcG9zc2libGUgIGTigJlham91dGVyIHVuZSBub3Rpb24gZGUgcsOpY3VycmVuY2UgYXV4IE9QIGV0IFBPUC4gUGFyIGV4ZW1wbGUsIHNpIGzigJlvbiBkb2l0IGVmZmVjdHVlciBsYSB2w6lyaWZpY2F0aW9uIGRlcyBhc2NlbnNldXJzIGTigJl1biBpbW1ldWJsZSwgb24gYXVyYSB1biBPUCByw6ljdXJzaWYgZS5nLiB0b3VzIGxlcyB0cm9pcyBtb2lzLCBxdWkgdmEgY29udGVuaXIgdW4gUE9QIHBvdXIgY2hhcXVlIGFzY2Vuc2V1ci4gQWZpbiBkZSBkw6l0ZXJtaW5lciBsZSBwcm9jaGFpbiBkw6lsYWkgcG91ciB1bmUgcsOpY3VycmVuY2UsIGlsIGZhdXQgc2UgYmFzZXIgc3VyIGxhIGRlcm5pw6hyZSBmb2lzIHF1ZSBsZSB0cmF2YWlsIGEgw6l0w6kgZWZmZWN0dcOpIDogb24gcHJlbmQgbGEgZGVybmnDqHJlIHTDomNoZSBwb3VyIGNldHRlIE9QL1BPUCBldCBvbiByZWdhcmRlIHF1YW5kIGlsIHkgYSBldSBkZXMgaGV1cmVzLiBDZWxhIHZhIG5vdXMgaW5kaXF1ZXIgcXVhbmQgbOKAmWFjdGlvbiBhdXJhIMOpdMOpIHLDqWFsaXPDqWUuIEF1dHJlIGlkw6llIDogbG9yc3F1ZSBsYSBkZXJuacOocmUgdMOiY2hlIGEgw6l0w6kgdGVybWluw6llICjDoCB2b2lyLCBwZXV0LcOqdHJlIG1pZXV4KS4gCjIuIEpMIDogY2hhcXVlIGFjdGlvbiBwb3Nzw6hkZSBsZXMgaW5mb3JtYXRpb25zIG7DqWNlc3NhaXJlcyDDoCBjZSBxdWkgZG9pdCDDqnRyZSByw6lhbGlzw6kKMy4gVGFza3MgPz8/PyA6IGxlcyB0w6JjaGVzIHF1aSBvbnQgw6l0w6kgw6ljcml0ZSBldCBxdWkgbmUgc29udCBwYXMgdGVybWluw6kgcG91ciB1biBPUC9QT1AgOiBjZWxhIHBlcm1ldHRyYWl0IGRlIHRyYWl0ZXIgbGVzIGNhcyBvw7kgZGVzIHTDomNoZXMgZG9pdmVudCDDqnRyZSByw6lhbGlzw6llcyBzaW11bHRhbsOpbWVudCAocGFyIGV4ZW1wbGUsIHNpIHVuIGVtcGxvecOpIHTDqWzDqXBob25lIHBvdXIgZGlyZSBxdeKAmXVuZSBhbXBvdWxlIGRlIGzigJlhc2NlbnNldXIgZG9pdCDDqnRyZSByZW1wbGFjw6ksIHVuZSB0w6JjaGUgc2VyYSBjcsOpw6llLiBJbCBmYXVkcmEgbOKAmWluZGlxdWVyIGxvcnMgZHUgc2VydmljZSBzaSBjZWxhIG7igJlhIHBhcyBlbmNvcmUgZMOpasOgIMOpdMOpIGZhaXQpLiAKCkxhIGZlbsOqdHJlIGF1cmEgcG91ciByw7RsZSBkZSBjb2xsZWN0ZXIgdG91dCBjZSBxdWkgZG9pdCDDqnRyZSBmYWl0IHBvdXIgdW4gamV1IGRlIGZpbHRyZXMuIElsIHkgYXVyYSB0cm9pcyBpbnB1dHMgOgoJLSBBY3Rpb25zIGRlcyBKTAoJLSBSw6ljdXJyZW5jZSBkZXMgT1AvUE9QCgktIFRhc2tzID8/Pz8KTGEgZmVuw6p0cmUgdmEgZW5zdWl0ZSBwZXJtZXR0cmUgZGUgY3LDqWVyIGF1dG9tYXRpcXVlbWVudCBkZXMgdMOiY2hlcyBhdXggYm9ubmVzIHBlcnNvbm5lcywgY2UgcXVpIGNvbnNpc3RlcmEgbGEg4oCccHJldXZlIMOpY3JpdGXigJ0gcXVlIGzigJlvcmRyZSBkZSB0cmF2YWlsIGEgw6l0w6kgZG9ubsOpLiAKCkZpbHRyZXMgOiAKCS0gS1NLVAoJLSBTdHJ1Y3R1cmUKCS0gVmFyaWFudGUKUHJvcHJpw6l0w6lzIGltcG9ydGFudGVzIDoKCS0gTGVzIHTDomNoZXMgcG9zc8OoZGVyb250IGRlIG5vbWJyZXVzZXMgbGlhaXNvbnMsIGNhciBzaSB1bmUgdMOiY2hlIGVzdCBjcsOpw6llIHN1aXRlIMOgIHVuZSBhY3Rpb24sIGVsbGVzIHNvbnQgZMOpcGVuZGFudGVzIGzigJl1bmVzIGRlIGzigJlhdXRyZXMuIEEgbm90ZXIgcXXigJl1bmUgYWN0aW9uIHBldXQgYXZvaXIgcGx1c2lldXJzIHTDomNoZXMgcXVpIGx1aSBzb250IGxpw6nDqWVzLiA=', 0, '22B4BF07-24C4-4255-9551-36EE6240E085', 1, '2023-09-09 17:18:26', '2023-09-09 15:18:26', 2),
('43FDB857-6AF2-4639-8D17-DA302E9DBAC3', 'Badging system and saisies generation', 'YnBsaXN0MDDSAQIDBFR0ZXh0W2F0dGFjaG1lbnRzTxDrcnRmZAAAAAADAAAAAgAAAAcAAABUWFQucnRmAQAAAC6YAAAAKwAAAAEAAACQAAAAe1xydGYxXGFuc2lcYW5zaWNwZzEyNTJcY29jb2FydGYyNjM5Clxjb2NvYXRleHRzY2FsaW5nMFxjb2NvYXBsYXRmb3JtMntcZm9udHRibH0Ke1xjb2xvcnRibDtccmVkMjU1XGdyZWVuMjU1XGJsdWUyNTU7fQp7XCpcZXhwYW5kZWRjb2xvcnRibDs7fQp9AQAAACMAAAABAAAABwAAAFRYVC5ydGYQAAAA5myVZLYBAAAAAAAAAAAAAKAACAANABIAHgEMAAAAAAAAAgEAAAAAAAAABQAAAAAAAAAAAAAAAAAAAQ0=', 0, '22B4BF07-24C4-4255-9551-36EE6240E085', 1, '2023-09-09 17:18:26', '2023-09-09 15:18:26', 2),
('4750C5CA-AB71-4C82-9219-1097A0D6CD02', 'Fiche CAE/UDI/CDC', NULL, 1, '22B4BF07-24C4-4255-9551-36EE6240E085', 1, '2023-09-09 17:18:26', '2023-09-09 15:18:26', 2),
('700A18C2-F0A2-412A-A01A-41D16295DF83', 'Autres', 'QXV0cmVzIGZvbmN0aW9ubmFsaXTDqXMgcXVpIG7igJlvbnQgcGFzIGRlIGNhdMOpZ29yaWVz', 2, '9F14DFD7-4BFD-4413-BC2C-46263E668280', 1, '2023-09-09 17:18:26', '2023-09-09 15:18:26', 2),
('756A5885-89F9-4E9A-8F77-1187D9CD1C79', 'Centre CAE', NULL, 0, '22B4BF07-24C4-4255-9551-36EE6240E085', 1, '2023-09-09 17:18:26', '2023-09-09 15:18:26', 2),
('7D3FD4B2-9449-444D-8D13-3548F4E99541', 'Gestion des playlists', 'SW50ZXJmYWNlIHBvdXIgZ8OpcmVyIGxlcyBwbGF5bGlzdHMgZGUgbOKAmWFwcGxpY2F0aW9u', 2, '39393B4C-2083-4A57-ABB0-2BCE5A056A86', 1, '2023-09-09 17:18:26', '2023-09-09 15:18:26', 2),
('9399DC98-A04E-4A84-B337-1E7CF2CA9CA3', 'Structure des données', 'TOKAmWlkw6llIGVzdCBkZSBwb3V2b2lyIGVucmVnaXN0cmVyIHRvdXMgbGVzIGNoYW1wcyBuw6ljZXNzYWlyZXMgcG91ciBxdWUgbGEgc3RydWN0dXJhdGlvbiBkZXMgaWTDqWVzIHNvaXQgbGEgcGx1cyBjb21wbMOodGUgcG9zc2libGUuIA==', 2, '9F14DFD7-4BFD-4413-BC2C-46263E668280', 1, '2023-09-09 17:18:26', '2023-09-09 15:18:26', 2),
('979B07BE-17A0-4F6E-8170-C352CB8C0787', 'Design', 'TOKAmWlkw6llIGR1IGRlc2lnbiBlc3QgZGUgZmFpcmUgdW4gZGVzaWduIHF1aSBzb2l0IHRyw6hzIGZhY2lsZSDDoCB1dGlsaXNlciAgcXVpIHBlcm1ldHRlIHVuZSBuYXZpZ2F0aW9uIHRyw6hzIHJhcGlkZSBldCB0csOocyBlcmdvbm9taXF1ZSBlbnRyZSBsZXMgZGlmZsOpcmVudHMgw6lsw6ltZW50cy4gQ2VsYSB2YSBzZSBmYWlyZSB2aWEgZGVzIHJhY2NvdXJjaXMgY2xhdmllcnMuIA==', 2, '9F14DFD7-4BFD-4413-BC2C-46263E668280', 1, '2023-09-09 17:18:26', '2023-09-09 15:18:26', 2),
('9F9784F9-C8FB-40DB-A7DE-D5DA89CC9C3B', 'Queue des choses à réaliser', 'YnBsaXN0MDDSAQIDBFR0ZXh0W2F0dGFjaG1lbnRzTxEEYHJ0ZmQAAAAAAwAAAAIAAAAHAAAAVFhULnJ0ZgEAAAAuDQQAACsAAAABAAAABQQAAHtccnRmMVxhbnNpXGFuc2ljcGcxMjUyXGNvY29hcnRmMjYzOQpcY29jb2F0ZXh0c2NhbGluZzBcY29jb2FwbGF0Zm9ybTJ7XGZvbnR0YmxcZjBcZm5pbFxmY2hhcnNldDAgSGVsdmV0aWNhTmV1ZTt9CntcY29sb3J0Ymw7XHJlZDI1NVxncmVlbjI1NVxibHVlMjU1O1xyZWQyNTVcZ3JlZW4yNTVcYmx1ZTI1NTt9CntcKlxleHBhbmRlZGNvbG9ydGJsOztcY3NzcmdiXGMxMDAwMDBcYzEwMDAwMFxjMTAwMDAwXGM4NDcwNjt9ClxwYXJkXHR4NTYwXHR4MTEyMFx0eDE2ODBcdHgyMjQwXHR4MjgwMFx0eDMzNjBcdHgzOTIwXHR4NDQ4MFx0eDUwNDBcdHg1NjAwXHR4NjE2MFx0eDY3MjAKClxmMFxmczI4IFxjZjIgTFwnOTJpZFwnZTllIGRlIGNldHRlIGZlYXR1cmUgZXN0IGQnb2J0ZW5pciB1bmUgdnVlIHF1aSBub3VzICBwZXJtZXR0cmFpdCBkZSBkXCdlOXRlcm1pbmVyIGRhbnMgcXVlbCBvcmRyZSBqZSBkb2lzIGZhaXJlIGxlcyBjaG9zZXMuIFBvdXIgY2UgZmFpcmUsIGlsIG1lIGZhdWRyYWl0IGRcJ2U5dmVsb3BwZXIgdW5lIGNsYXNzZSBzdXIgdW4gbW9kXCdlOGxlIGRlIFF1ZXVlLCBhZmluIGRlIHBlcm1ldHRyZSBkZSBzYXZvaXIgZGFucyBxdWVsIG9yZHJlIGplIHN1aXMgc2Vuc1wnZTkgZGV2b2lyIG9yZ2FuaXNlciBsZXMgY2hvc2VzLiBBaW5zaSwgbG9yc3F1ZSBqJ2FpIHVuIHByb2pldCwgamUgZG9pcyBwb3V2b2lyIHNhdm9pciBkYW5zIHF1ZWwgb3JkcmUgamUgZG9pcyBmYWlyZSBsZXMgY2hvc2VzLiBKJ2F1cmFpcyBkb25jIGRldXggUXVldWVzIFwnZTAgclwnZTlhbGlzZXIgOiBcCjEuICBVbmUgUXVldWUgYXZlYyBjZSBxdWkgZXN0IHVyZ2VudCAoY29ycmVjdGlvbnMgZGUgYnVncywgbWFpcyBzXCdmYnJlbWVudCBwbHV0XCdmNHQgYmFzXCdlOSBzdXIgbGUgbFwnOTJ1cmdlbmNlIGRlcyBUb0RvKS5cCjIuIFVuZSBRdWV1ZSBhdmVjIGxlcyBjaG9zZXMgbW9pbnMgdXJnZW50ZXMsIHBhciBleGVtcGxlcyBsZXMgbm91dmVhdXRcJ2U5cyBvdSBsZXMgY2hvc2VzIFwnZTAgZmFpcmUgcGx1cyB0YXJkfQEAAAAjAAAAAQAAAAcAAABUWFQucnRmEAAAAH0T4WO2AQAAAAAAAAAAAACgAAgADQASAB4EggAAAAAAAAIBAAAAAAAAAAUAAAAAAAAAAAAAAAAAAASD', 0, '9F14DFD7-4BFD-4413-BC2C-46263E668280', 1, '2023-09-09 17:18:26', '2023-09-09 15:18:26', 2),
('A00ADB3F-3E00-482E-B1E8-64C9D4D47B0F', 'Champs d’édition de text', 'SWwgeSBhIHBsZWluIGRlIGZvbmN0aW9ubmFsaXTDqXMgw6AgYWpvdXRlciBhZmluIGRlIHJlbmRyZSBsZXMgY2hhbXBzIGRlIHRleHQgcGx1cyBwdWlzc2FudC4gVm9pY2kgdW5lIGxpc3RlIG5vbiBleGhhdXN0aXZlIDoKCgktIEZhaXJlIGRlcyBsaXN0ZXMgZGUgbWFuacOocmUgcGx1cyBlcmdvbm9taXF1ZQoJLSBwZXJtZXR0cmUgZGUgbWV0dHJlIGRlcyBpbWFnZXMgKHZvaXIgc3VyIGxlIHBvaW50IGRlIHZ1ZSB0ZWNobmlxdWUsIG1haXMgcGV1dC3DqnRyZSBsZXMgZW5yZWdpc3RyZXIgZGFucyB1bmUgYXV0cmUgZW50aXTDqSBldCBqdXN0ZSBtZXR0cmUgbGUgbGllbiBkYW5zIGxlIGZpY2hpZXIpLgoJLSBwZXJtZXR0cmUgIGTigJnDqWNyaXJlIGF2ZWMgbOKAmUFwcGxlIFBlbmNpbA==', 0, '9F14DFD7-4BFD-4413-BC2C-46263E668280', 1, '2023-09-09 17:18:26', '2023-09-09 15:18:26', 2),
('CC9AFD8E-EE69-4FF7-BBE7-635C1E74E438', 'Synchronisation', NULL, 0, '9F14DFD7-4BFD-4413-BC2C-46263E668280', 1, '2023-09-09 17:18:26', '2023-09-09 15:18:26', 2),
('D369ED01-7F13-4EC2-A667-D696DB629B70', 'Fiche EMI', 'YnBsaXN0MDDSAQIDBFR0ZXh0W2F0dGFjaG1lbnRzTxDrcnRmZAAAAAADAAAAAgAAAAcAAABUWFQucnRmAQAAAC6YAAAAKwAAAAEAAACQAAAAe1xydGYxXGFuc2lcYW5zaWNwZzEyNTJcY29jb2FydGYyNjM5Clxjb2NvYXRleHRzY2FsaW5nMFxjb2NvYXBsYXRmb3JtMntcZm9udHRibH0Ke1xjb2xvcnRibDtccmVkMjU1XGdyZWVuMjU1XGJsdWUyNTU7fQp7XCpcZXhwYW5kZWRjb2xvcnRibDs7fQp9AQAAACMAAAABAAAABwAAAFRYVC5ydGYQAAAAI2 VZLYBAAAAAAAAAAAAAKAACAANABIAHgEMAAAAAAAAAgEAAAAAAAAABQAAAAAAAAAAAAAAAAAAAQ0=', 1, '22B4BF07-24C4-4255-9551-36EE6240E085', 1, '2023-09-09 17:18:26', '2023-09-09 15:18:26', 2),
('D9D3E1B6-305C-476C-9B68-A7B2E040B36D', 'AED', 'QXJjaGl2YWdlIMOpbGVjdHJvbmlxdWUgZGUgZG9jdW1lbnRzIHBvdXIgbGVzIGVtcGxvecOpcy4gQ2VsYSBwZXJtZXQgZOKAmWVucmVnaXN0cmVyIGRlcyBkb2N1bWVudHMgcG91ciBsZXMgZW1wbG95w6lzLiAKClVuZSBub3Rpb24gZGUgZ3JvdXBlIHBlcm1ldCBk4oCZZW5yZWdpc3RyZXIgdW4gbcOqbWUgZG9jdW1lbnQgcG91ciBwbHVzaWV1cnMgZW1wbG95w6lzIHZpYSBsZXMgZ3JvdXBlcyBSSCwgbGVzIGNhdMOpZ29yaWVzIHByb2Zlc3Npb25uZWxsZXMgZXQgbGVzIGNhdMOpZ29yaWVzIHBlcnNvbm5lbGxlcy4gIA==', 2, '22B4BF07-24C4-4255-9551-36EE6240E085', 1, '2023-09-09 17:18:26', '2023-09-09 15:18:26', 2),
('DB8DE07D-230B-4F8C-A38C-5551039C30F9', 'Integration ProgramClass', 'YnBsaXN0MDDSAQIDBFR0ZXh0W2F0dGFjaG1lbnRzTxEDUHJ0ZmQAAAAAAwAAAAIAAAAHAAAAVFhULnJ0ZgEAAAAu/QIAACsAAAABAAAA9QIAAHtccnRmMVxhbnNpXGFuc2ljcGcxMjUyXGNvY29hcnRmMjYzOQpcY29jb2F0ZXh0c2NhbGluZzBcY29jb2FwbGF0Zm9ybTJ7XGZvbnR0YmxcZjBcZm5pbFxmY2hhcnNldDAgSGVsdmV0aWNhTmV1ZTt9CntcY29sb3J0Ymw7XHJlZDI1NVxncmVlbjI1NVxibHVlMjU1O1xyZWQyNTVcZ3JlZW4yNTVcYmx1ZTI1NTt9CntcKlxleHBhbmRlZGNvbG9ydGJsOztcY3NzcmdiXGMxMDAwMDBcYzEwMDAwMFxjMTAwMDAwXGM4NDcwNjt9ClxwYXJkXHR4NTYwXHR4MTEyMFx0eDE2ODBcdHgyMjQwXHR4MjgwMFx0eDMzNjBcdHgzOTIwXHR4NDQ4MFx0eDUwNDBcdHg1NjAwXHR4NjE2MFx0eDY3MjAKClxmMFxmczI4IFxjZjIgVGhlIGlkZWEgZm9yIGludGVncmF0aW5nIFByb2dyYW1DbGFzc2VzIGlzIHRvIGludHJvZHVjZSBhIGJ1dHRvbiBvbiB0aGUgYm90dG9tIG9mIHRoZSBDb2xsZWN0aW9uVmlldyB3aGVyZSB0aGUgYWN0dWFsIGZlYXR1cmVzIGFyZS4gVGhlbiwgdGhlIGNvbGxlY3Rpb25WaWV3ICB3aWxsIGhhbmRsZSAgYm90aCBGZWF0dXJlcyBhbmQgUHJvZ3JhbUNsYXNzLCBhcyB0aGV5IGFyZSBib3RoIFN1YlByb2R1Y3RzLiBUaHVzLCBpdCB3aWxsIGJlIGVhc3kgdG8gc3dpdGNoLiBcClwKSSB3aWxsIGFsc28gaW5jbHVkZSBhIHNlYXJjaCBzeXN0ZW0gKG1lbnUsIHNlYXJjaCBmaWVsZCwgZXRjLikgaW4gb3JkZXIgdG8gYmUgYWJsZSB0byBzZWFyY2ggaW4gdGhlIG90aGVyIFN1YlByb2R1Y3RzIHRvIGFkZCBpdCB0byB0aGUgIFRvRG8uIH0BAAAAIwAAAAEAAAAHAAAAVFhULnJ0ZhAAAAD5A5RktgEAAAAAAAAAAAAAoAAIAA0AEgAeA3IAAAAAAAACAQAAAAAAAAAFAAAAAAAAAAAAAAAAAAADcw==', 0, '9F14DFD7-4BFD-4413-BC2C-46263E668280', 1, '2023-09-09 17:18:26', '2023-09-09 15:18:26', 2),
('DCA99C17-8DFE-4744-AAA0-C30C98DACB2D', 'Interface', 'Q3JlYXRlIGFuIGludGVyZmFjZSB0aGF0IGxldCB0aGUgdXNlciBjdXN0b21pc2UgdGhlIHBhcmFtZXRlcnMuIAoKTGlzdCBvZiBwYXJhbWV0ZXJzIDoKCS0gRGlza3MgdXNlZCBmb3IgdGhlIGJhY2t1cCAobWF5IGhhdmUgbWFueSkKCS0gUGxhY2UgYWxsb2NhdGVkIGZvciBiYWNrdXBzCgktIE90aGVyIHBhcmFtZXRlcnMgdGhhdCBtYXkgYmUgcmVxdWlyZWQ=', 2, '94009E28-9111-4EAB-8A3E-BEE18D92D2CD', 1, '2023-09-09 17:18:26', '2023-09-09 15:18:26', 2);

-- --------------------------------------------------------

--
-- Table structure for table `Product`
--
DROP TABLE IF EXISTS `Product`;
CREATE TABLE `Product` (
  `PRODUCT_ID` varchar(64) NOT NULL,
  `PRODUCT_NAME` varchar(255) DEFAULT NULL,
  `PRODUCT_ISHIDDEN` tinyint(1) NOT NULL DEFAULT '0',
  `PRODUCT_IMG` blob,
  `PRODUCT_USER` int(11) NOT NULL,
  `LAST_MODIF` datetime NOT NULL,
  `LAST_SYNC` timestamp NOT NULL DEFAULT CURRENT_TIMESTAMP ON UPDATE CURRENT_TIMESTAMP,
  `DEVICE_MODIF` int(11) NOT NULL
) ENGINE=InnoDB DEFAULT CHARSET=utf8;

--
-- Dumping data for table `Product`
--

INSERT INTO `Product` (`PRODUCT_ID`, `PRODUCT_NAME`, `PRODUCT_ISHIDDEN`, `PRODUCT_IMG`, `PRODUCT_USER`, `LAST_MODIF`, `LAST_SYNC`, `DEVICE_MODIF`) VALUES
('22B4BF07-24C4-4255-9551-36EE6240E085', 'Variance', 0, NULL, 1, '2023-09-09 17:18:26', '2023-09-09 15:18:26', 2),
('39393B4C-2083-4A57-ABB0-2BCE5A056A86', 'Youtube Player', 0, NULL, 1, '2023-09-09 17:18:26', '2023-09-09 15:18:26', 2),
('3DB42C90-0A3B-42D8-B070-616416833381', 'Test', 0, NULL, 2, '2023-09-09 17:18:26', '2023-10-15 12:20:24', 4),
('94009E28-9111-4EAB-8A3E-BEE18D92D2CD', 'StoreBackup', 0, NULL, 1, '2023-09-09 17:18:26', '2023-09-09 15:18:26', 2),
('9F14DFD7-4BFD-4413-BC2C-46263E668280', 'Coproman', 0, NULL, 1, '2023-09-09 17:18:26', '2023-09-09 15:18:26', 2);

-- --------------------------------------------------------

--
-- Table structure for table `ProgramClass`
--
DROP TABLE IF EXISTS `ProgramClass`;
CREATE TABLE `ProgramClass` (
  `PROGRAMCLASS_ID` varchar(64) NOT NULL,
  `PROGRAMCLASS_NAME` varchar(255) DEFAULT NULL,
  `PROGRAMCLASS_OBJECTIVE` text,
  `PROGRAMCLASS_STATUS` int(11) DEFAULT NULL,
  `PROGRAMCLASS_PRODUCT` varchar(64) NOT NULL,
  `PROGRAMCLASS_USER` int(11) NOT NULL,
  `LAST_MODIF` datetime NOT NULL,
  `LAST_SYNC` timestamp NOT NULL DEFAULT CURRENT_TIMESTAMP ON UPDATE CURRENT_TIMESTAMP,
  `DEVICE_MODIF` int(11) NOT NULL
) ENGINE=InnoDB DEFAULT CHARSET=utf8;

-- --------------------------------------------------------

--
-- Table structure for table `SynchronisationRequests`
--
DROP TABLE IF EXISTS `SynchronisationRequests`;
CREATE TABLE `SynchronisationRequests` (
  `SR_ID` int(11) NOT NULL,
  `SR_USER` int(11) NOT NULL COMMENT 'User that requests the connexion',
  `SR_DEVICE` int(11) NOT NULL COMMENT 'Device that requests the connexion',
  `SR_DATE` timestamp NOT NULL DEFAULT CURRENT_TIMESTAMP COMMENT 'Date of the request',
  `SR_STATUS` varchar(30) NOT NULL COMMENT 'Status of the request',
  `SR_InputData` longtext COMMENT 'Input data',
  `SR_OutputData` longtext COMMENT 'Output data'
) ENGINE=InnoDB DEFAULT CHARSET=utf8 COMMENT='Table due to record every request';

-- --------------------------------------------------------

--
-- Table structure for table `ToDo`
--
DROP TABLE IF EXISTS `ToDo`;
CREATE TABLE `ToDo` (
  `TODO_ID` varchar(64) NOT NULL,
  `TODO_TITLE` varchar(255) DEFAULT NULL,
  `TODO_STATUS` int(11) DEFAULT NULL,
  `TODO_PRIORITY` int(11) DEFAULT NULL,
  `TODO_TYPE` int(11) DEFAULT NULL,
  `TODO_OBJECTIVE` text,
  `TODO_DESCRIPTIVETEXT` text,
  `TODO_FEATURE` varchar(64) DEFAULT NULL,
  `TODO_PROGRAMCLASS` varchar(64) DEFAULT NULL,
  `TODO_USER` int(11) NOT NULL,
  `LAST_MODIF` datetime NOT NULL,
  `LAST_SYNC` timestamp NOT NULL DEFAULT CURRENT_TIMESTAMP ON UPDATE CURRENT_TIMESTAMP,
  `DEVICE_MODIF` int(11) NOT NULL
) ENGINE=InnoDB DEFAULT CHARSET=utf8;

--
-- Dumping data for table `ToDo`
--

INSERT INTO `ToDo` (`TODO_ID`, `TODO_TITLE`, `TODO_STATUS`, `TODO_PRIORITY`, `TODO_TYPE`, `TODO_OBJECTIVE`, `TODO_DESCRIPTIVETEXT`, `TODO_FEATURE`, `TODO_PROGRAMCLASS`, `TODO_USER`, `LAST_MODIF`, `LAST_SYNC`, `DEVICE_MODIF`) VALUES
('02C2C0CE-CD3F-4A70-BD3C-6366C8BA47DF', 'Bug à l’utilisation de ^ dans l’éditeur de text', 1, 1, 0, 'YnBsaXN0MDDSAQIDBFR0ZXh0W2F0dGFjaG1lbnRzTxDrcnRmZAAAAAADAAAAAgAAAAcAAABUWFQucnRmAQAAAC6YAAAAKwAAAAEAAACQAAAAe1xydGYxXGFuc2lcYW5zaWNwZzEyNTJcY29jb2FydGYyNjM5Clxjb2NvYXRleHRzY2FsaW5nMFxjb2NvYXBsYXRmb3JtMntcZm9udHRibH0Ke1xjb2xvcnRibDtccmVkMjU1XGdyZWVuMjU1XGJsdWUyNTU7fQp7XCpcZXhwYW5kZWRjb2xvcnRibDs7fQp9AQAAACMAAAABAAAABwAAAFRYVC5ydGYQAAAA9xPhY7YBAAAAAAAAAAAAAKAACAANABIAHgEMAAAAAAAAAgEAAAAAAAAABQAAAAAAAAAAAAAAAAAAAQ0=', 'YnBsaXN0MDDSAQIDBFR0ZXh0W2F0dGFjaG1lbnRzTxEC8XJ0ZmQAAAAAAwAAAAIAAAAHAAAAVFhULnJ0ZgEAAAAungIAACsAAAABAAAAlgIAAHtccnRmMVxhbnNpXGFuc2ljcGcxMjUyXGNvY29hcnRmMjYzOQpcY29jb2F0ZXh0c2NhbGluZzBcY29jb2FwbGF0Zm9ybTJ7XGZvbnR0YmxcZjBcZm5pbFxmY2hhcnNldDAgSGVsdmV0aWNhTmV1ZTt9CntcY29sb3J0Ymw7XHJlZDI1NVxncmVlbjI1NVxibHVlMjU1O1xyZWQyNTVcZ3JlZW4yNTVcYmx1ZTI1NTt9CntcKlxleHBhbmRlZGNvbG9ydGJsOztcY3NzcmdiXGMxMDAwMDBcYzEwMDAwMFxjMTAwMDAwXGM4NDcwNjt9ClxwYXJkXHR4NTYwXHR4MTEyMFx0eDE2ODBcdHgyMjQwXHR4MjgwMFx0eDMzNjBcdHgzOTIwXHR4NDQ4MFx0eDUwNDBcdHg1NjAwXHR4NjE2MFx0eDY3MjAKClxmMFxmczI4IFxjZjIgTG9yc3F1ZSBqXCc5MnV0aWxpc2UgbGVzIF4gYXUgbWlsaWV1IGRcJzkydW4gY2hhbXAgZGUgdGV4dCAoaS5lLiBwYXMgXCdlMCBsYSBmaW4pLCAgbGUgY3Vyc2V1ciBlc3QgcmVudm95XCdlOSBcJ2UwIGxhIGRlcm5pXCdlOHJlIHBvc2l0aW9uIGR1IGNoYW1wcyBkZSB0ZXh0LlwKXApNYW5pXCdlOHJlIGRlIHJlcHJvZHVpcmUgOiBcCjEuIENyXCdlOWVyIGRldXggcGFyYWdyYXBoZXNcCjIuIERhbnMgbGUgcHJlbWllciBwYXJhZ3JhcGhlLCBlc3NheWVyIGRcJzkyXCdlOWNyaXJlIFwnZjQgYXByXCdlOHMgYXZvaXIgXCdlOWNyaXQgbGUgZGV1eGlcJ2U4bWV9AQAAACMAAAABAAAABwAAAFRYVC5ydGYQAAAAbBThY7YBAAAAAAAAAAAAAKAACAANABIAHgMTAAAAAAAAAgEAAAAAAAAABQAAAAAAAAAAAAAAAAAAAxQ=', 'A00ADB3F-3E00-482E-B1E8-64C9D4D47B0F', NULL, 1, '2023-09-09 17:18:26', '2023-09-09 15:18:26', 2),
('0ACEBE54-D8C6-4758-BADB-E7C17EE79F99', 'Gestion de la connexion 2', 0, 1, 0, 'YnBsaXN0MDDSAQIDBFR0ZXh0W2F0dGFjaG1lbnRzTxECCnJ0ZmQAAAAAAwAAAAIAAAAHAAAAVFhULnJ0ZgEAAAAutwEAACsAAAABAAAArwEAAHtccnRmMVxhbnNpXGFuc2ljcGcxMjUyXGNvY29hcnRmMjYzOQpcY29jb2F0ZXh0c2NhbGluZzBcY29jb2FwbGF0Zm9ybTJ7XGZvbnR0YmxcZjBcZnN3aXNzXGZjaGFyc2V0MCBIZWx2ZXRpY2E7fQp7XGNvbG9ydGJsO1xyZWQyNTVcZ3JlZW4yNTVcYmx1ZTI1NTtccmVkMjU1XGdyZWVuMjU1XGJsdWUyNTU7fQp7XCpcZXhwYW5kZWRjb2xvcnRibDs7XGNzZ2VuZXJpY3JnYlxjMTAwMDAwXGMxMDAwMDBcYzEwMDAwMDt9ClxwYXJkXHR4NTYwXHR4MTEyMFx0eDE2ODBcdHgyMjQwXHR4MjgwMFx0eDMzNjBcdHgzOTIwXHR4NDQ4MFx0eDUwNDBcdHg1NjAwXHR4NjE2MFx0eDY3MjBccGFyZGlybmF0dXJhbAoKXGYwXGZzMjQgXGNmMiBFdml0ZXIgZFwnOTJpbnNpc3RlciBwb3VyIHF1ZSBsXCc5MnV0aWxpc2F0ZXVyIHNlIGNvbm5lY3RlIFwnZTAgY2hhcXVlIGZvaXN9AQAAACMAAAABAAAABwAAAFRYVC5ydGYQAAAAshaUZLYBAAAAAAAAAAAAAKAACAANABIAHgIsAAAAAAAAAgEAAAAAAAAABQAAAAAAAAAAAAAAAAAAAi0=', 'YnBsaXN0MDDSAQIDBFR0ZXh0W2F0dGFjaG1lbnRzTxEConJ0ZmQAAAAAAwAAAAIAAAAHAAAAVFhULnJ0ZgEAAAAuTwIAACsAAAABAAAARwIAAHtccnRmMVxhbnNpXGFuc2ljcGcxMjUyXGNvY29hcnRmMjYzOQpcY29jb2F0ZXh0c2NhbGluZzBcY29jb2FwbGF0Zm9ybTJ7XGZvbnR0YmxcZjBcZnN3aXNzXGZjaGFyc2V0MCBIZWx2ZXRpY2E7fQp7XGNvbG9ydGJsO1xyZWQyNTVcZ3JlZW4yNTVcYmx1ZTI1NTtccmVkMjU1XGdyZWVuMjU1XGJsdWUyNTU7fQp7XCpcZXhwYW5kZWRjb2xvcnRibDs7XGNzZ2VuZXJpY3JnYlxjMTAwMDAwXGMxMDAwMDBcYzEwMDAwMDt9ClxwYXJkXHR4NTYwXHR4MTEyMFx0eDE2ODBcdHgyMjQwXHR4MjgwMFx0eDMzNjBcdHgzOTIwXHR4NDQ4MFx0eDUwNDBcdHg1NjAwXHR4NjE2MFx0eDY3MjBccGFyZGlybmF0dXJhbAoKXGYwXGZzMjQgXGNmMiBGYWlyZSBlbiBzb3J0ZSBwb3VyIHF1ZSBsYSBmZW5cJ2VhdHJlIGRlIGNvbm5leGlvbiBzXCc5Mm91dnJlIHVuaXF1ZW1lbnQgXCdlMCBsYSBwcmVtaVwnZThyZSBvdXZlcnR1cmUuIElsIGRvaXQgXCdlOWdhbGVtZW50IFwnZWF0cmUgcG9zc2libGUgZGUgbGEgZmVybWVyLiBEZSBwbHVzLCBlbGxlIHNlcmEgYWNjZXNzaWJsZSBkZXB1aXMgbGEgZmVuXCdlYXRyZSBkZSBnZXN0aW9uIGR1IGNvbXB0ZX0BAAAAIwAAAAEAAAAHAAAAVFhULnJ0ZhAAAAAbF5RktgEAAAAAAAAAAAAAoAAIAA0AEgAeAsQAAAAAAAACAQAAAAAAAAAFAAAAAAAAAAAAAAAAAAACxQ==', 'CC9AFD8E-EE69-4FF7-BBE7-635C1E74E438', NULL, 1, '2023-09-09 17:18:26', '2023-09-09 15:18:26', 2),
('12B99D18-3864-43B2-93E6-B51E458C69D1', 'Tableau Aperçu CDC', 2, 2, 0, 'Q29ycmlnZXIgbGVzIGNoYXJnZXMKQWpvdXRlciBsYSBwb3NzaWJpbGl0w6kgZGUgZ3JvdXBlciB0b3V0IHBvdXIgdG91cyBsZXMgQ0RDIHPDqWxlY3Rpb25uw6lzCkFqb3V0ZXIgbGVzIGN1bXVscyAoaS5lLiB0b3RhdXggZGUgY2hhcXVlIGdyb3VwZSBzdXIgdG91dGVzIGxlcyBtYWNoaW5lcyku', 'TG9yc3F1ZSBsZSB0YWJsZWF1IGVzdCBlbiBtb2RlIExpc3RlICA9IOKAnEFwZXLDp3UgQ0RD4oCdLCBjZWxhIGFmZmljaGUgbGVzIGNvw7t0cyBkZXMgbWFjaGluZXMgZGUgbGEgbcOqbWUgbWFuacOocmUgcXXigJl1bmUgbGlzdGUgZGUgY291cnNlLiAKTGUgcHJvYmzDqG1lIGljaSBlc3QgcXVlIGxlcyBjaGFyZ2VzIGxvcnNxdWUgcGx1c2lldXJzIG1hY2hpbmVzIHNvbnQgc8OpbGVjdGlvbm7DqWVzIG5lIHNvbnQgcGFzICBjb3JyZWN0ZXMuIER1IGNvdXAsIGlsIGZhdXQgY29ycmlnZXIgw6dhLiAKRW5zdWl0ZSwgaWwgZmF1dCBham91dGVyIHVuIG1vZGUgcG91ciBsb3JzcXVlIGzigJlvbiBuZSB2ZXV0IHBhcyBsZXMgZMOpdGFpbHMgcG91ciBjaGFxdWUgQ0RDIDogb24gYWZmaWNoZSB1biBtYXN0ZXIgcG91ciB0b3V0IGV0IGxlcyB0b3RhdXggcG91ciB0b3V0LiAKRW5maW4sIGlsIGZhdXQgYWpvdXRlciBsZXMgY3VtdWxzIMOgIGxhIGZpbi4gUGFyIGN1bXVscywgauKAmWVudGVuZHMgbGVzIGxpZ25lcyBqYXVuZXMvb3JhbmdlcyBvw7kgbOKAmW9uIGZhaXQgbGEgc29tbWUgcG91ciB0b3V0ZXMgbGVzIG1hY2hpbmVzLiBBIHZvaXIgY29tbWVudCBvbiBwZXV0IGZhaXJlIMOnYS4g', '756A5885-89F9-4E9A-8F77-1187D9CD1C79', NULL, 1, '2023-09-09 17:18:26', '2023-09-09 15:18:26', 2),
('134E8B1A-1553-4020-95CC-1569D83F9A15', 'Interface for the Queue', 0, 1, 0, 'YnBsaXN0MDDSAQIDBFR0ZXh0W2F0dGFjaG1lbnRzTxECW3J0ZmQAAAAAAwAAAAIAAAAHAAAAVFhULnJ0ZgEAAAAuCAIAACsAAAABAAAAAAIAAHtccnRmMVxhbnNpXGFuc2ljcGcxMjUyXGNvY29hcnRmMjYzOQpcY29jb2F0ZXh0c2NhbGluZzBcY29jb2FwbGF0Zm9ybTJ7XGZvbnR0YmxcZjBcZm5pbFxmY2hhcnNldDAgSGVsdmV0aWNhTmV1ZTt9CntcY29sb3J0Ymw7XHJlZDI1NVxncmVlbjI1NVxibHVlMjU1O1xyZWQyNTVcZ3JlZW4yNTVcYmx1ZTI1NTt9CntcKlxleHBhbmRlZGNvbG9ydGJsOztcY3NzcmdiXGMxMDAwMDBcYzEwMDAwMFxjMTAwMDAwXGM4NDcwNjt9ClxwYXJkXHR4NTYwXHR4MTEyMFx0eDE2ODBcdHgyMjQwXHR4MjgwMFx0eDMzNjBcdHgzOTIwXHR4NDQ4MFx0eDUwNDBcdHg1NjAwXHR4NjE2MFx0eDY3MjAKClxmMFxmczI4IFxjZjIgVGhlIGlkZWEgaXMgdG8gcGxhY2UgdGhlIGludGVyZmFjZSBmb3IgdGhlIHF1ZXVlIGluIHRoZSBjb2xsZWN0aW9uVmlldyBvbiB0aGUgbGVmdCAod2hlcmUgRmVhdHVyZXMgYW5kIFByb2dyYW1DbGFzc2VzIGFyZSkuIEEgYnV0dG9uIHdvdWxkIGxldCB1cyBzd2l0Y2ggYmV0d2VlbiB0aGVtLiB9AQAAACMAAAABAAAABwAAAFRYVC5ydGYQAAAAWQSUZLYBAAAAAAAAAAAAAKAACAANABIAHgJ9AAAAAAAAAgEAAAAAAAAABQAAAAAAAAAAAAAAAAAAAn4=', 'YnBsaXN0MDDSAQIDBFR0ZXh0W2F0dGFjaG1lbnRzTxEDu3J0ZmQAAAAAAwAAAAIAAAAHAAAAVFhULnJ0ZgEAAAAuaAMAACsAAAABAAAAYAMAAHtccnRmMVxhbnNpXGFuc2ljcGcxMjUyXGNvY29hcnRmMjYzOQpcY29jb2F0ZXh0c2NhbGluZzBcY29jb2FwbGF0Zm9ybTJ7XGZvbnR0YmxcZjBcZnN3aXNzXGZjaGFyc2V0MCBIZWx2ZXRpY2E7fQp7XGNvbG9ydGJsO1xyZWQyNTVcZ3JlZW4yNTVcYmx1ZTI1NTtccmVkMjU1XGdyZWVuMjU1XGJsdWUyNTU7fQp7XCpcZXhwYW5kZWRjb2xvcnRibDs7XGNzZ2VuZXJpY3JnYlxjMTAwMDAwXGMxMDAwMDBcYzEwMDAwMDt9ClxwYXJkXHR4NTYwXHR4MTEyMFx0eDE2ODBcdHgyMjQwXHR4MjgwMFx0eDMzNjBcdHgzOTIwXHR4NDQ4MFx0eDUwNDBcdHg1NjAwXHR4NjE2MFx0eDY3MjAKClxmMFxmczI0IFxjZjIgSW4gdGhlIGludGVyZmFjZSwgd2Ugd291bGQgc2VlIHRoZSBUb0RvIEkgaGF2ZSBpbiB0aGUgcXVldWUuIFwKLSBDbGlja2luZyBvbiB0aGVtIHdpbGwgb3BlbiB0aGVtIGluIHRoZSBlZGl0b3IuIFwKLSBEcmFnIGFuZCBkcm9wIGlzIGFsd2F5cyBlbmFibGUsIHNvIHRoYXQgSSBjYW4gbW92ZSBldmVyeSBUb0RvIGluIHRoZSBRdWV1ZS4gRG5EIGEgVG9EbyBmcm9tIHRoZSBUb0RvQ29sbGVjdGlvblZpZXcgd2lsbCBtb3ZlIGl0IGF0IGEgIHNwZWNpZmljIGxvY2F0aW9uIGluIHRoZSBRdWV1ZS4gXAotIFdlIGNhbiB1c2UgdGhlIFF1ZXVlVmlld0NvbnRyb2xsZXIgYXMgYSBzZXBhcmF0ZSB3aW5kb3cuIEluIHRoYXQgbW9kZSwgSSB3aWxsIGhhdmUgYW4gRWRpdGluZ1ZpZXdDb250cm9sbGVyIGF0dGFjaGVkIG5leHQgdG8gaXQuIFRoaXMgaXMgZm9yIHRoZSBjYXNlIHdoZXJlIEkgd2FudCB0byBhbmFseXNlIHdoYXQgSSBoYXZlIHRvIGRvLCBvciBqdXN0IHdoZW4gSSdtIHdvcmtpbmcgKGFuZCBub3cgcGxhbm5pbmcpfQEAAAAjAAAAAQAAAAcAAABUWFQucnRmEAAAAJ0FlGS2AQAAAAAAAAAAAACgAAgADQASAB4D3QAAAAAAAAIBAAAAAAAAAAUAAAAAAAAAAAAAAAAAAAPe', '9F9784F9-C8FB-40DB-A7DE-D5DA89CC9C3B', NULL, 1, '2023-09-09 17:18:26', '2023-09-09 15:18:26', 2),
('230E50D2-E5E6-4084-8831-D7E64B908A4E', 'Design des cellules de ToDoCollectionViewController', 6, 2, 0, NULL, 'LSBGYWlyZSB1biBkZXNpZ24gY29tcGFjdAotIEFqb3V0ZXIgZGVzIGluZm9zIHN1ciBs4oCZw6l0YXQgZXQgbGEgcHJpb3JpdMOpIGRlcyBUb0RvLiA=', '979B07BE-17A0-4F6E-8170-C352CB8C0787', NULL, 1, '2023-09-09 17:18:26', '2023-09-09 15:18:26', 2),
('2684FF5E-5DB6-4136-BAAC-07D7E0C72963', 'Add bubble lists', 0, 1, 0, 'YnBsaXN0MDDSAQIDBFR0ZXh0W2F0dGFjaG1lbnRzTxECmXJ0ZmQAAAAAAwAAAAIAAAAHAAAAVFhULnJ0ZgEAAAAuRgIAACsAAAABAAAAPgIAAHtccnRmMVxhbnNpXGFuc2ljcGcxMjUyXGNvY29hcnRmMjYzOQpcY29jb2F0ZXh0c2NhbGluZzBcY29jb2FwbGF0Zm9ybTJ7XGZvbnR0YmxcZjBcZm5pbFxmY2hhcnNldDAgSGVsdmV0aWNhTmV1ZTt9CntcY29sb3J0Ymw7XHJlZDI1NVxncmVlbjI1NVxibHVlMjU1O1xyZWQyNTVcZ3JlZW4yNTVcYmx1ZTI1NTtccmVkMjU1XGdyZWVuMjU1XGJsdWUyNTU7fQp7XCpcZXhwYW5kZWRjb2xvcnRibDs7XGNzc3JnYlxjMTAwMDAwXGMxMDAwMDBcYzEwMDAwMFxjODQ3MDY7XGNzc3JnYlxjMTAwMDAwXGMxMDAwMDBcYzEwMDAwMFxjODQ3MDY7fQpccGFyZFx0eDU2MFx0eDExMjBcdHgxNjgwXHR4MjI0MFx0eDI4MDBcdHgzMzYwXHR4MzkyMFx0eDQ0ODBcdHg1MDQwXHR4NTYwMFx0eDYxNjBcdHg2NzIwCgpcZjBcZnMyOCBcY2YyIGpma2xkc1wnZTlhaFwnZTlhXApmZ2Fqa2ZcJ2U5ZGpzZ2FzXApmXApzXApnYVwKZmRcCnNnYVwKZlwKXApcCmdkYVwKXApccGFyZFx0eDU2MFx0eDExMjBcdHgxNjgwXHR4MjI0MFx0eDI4MDBcdHgzMzYwXHR4MzkyMFx0eDQ0ODBcdHg1MDQwXHR4NTYwMFx0eDYxNjBcdHg2NzIwClxjZjMgZn0BAAAAIwAAAAEAAAAHAAAAVFhULnJ0ZhAAAAAEmulktgEAAAAAAAAAAAAAoAAIAA0AEgAeArsAAAAAAAACAQAAAAAAAAAFAAAAAAAAAAAAAAAAAAACvA==', 'YnBsaXN0MDDSAQIDBFR0ZXh0W2F0dGFjaG1lbnRzTxECTXJ0ZmQAAAAAAwAAAAIAAAAHAAAAVFhULnJ0ZgEAAAAu gEAACsAAAABAAAA8gEAAHtccnRmMVxhbnNpXGFuc2ljcGcxMjUyXGNvY29hcnRmMjYzOQpcY29jb2F0ZXh0c2NhbGluZzBcY29jb2FwbGF0Zm9ybTJ7XGZvbnR0YmxcZjBcZnN3aXNzXGZjaGFyc2V0MCBIZWx2ZXRpY2E7fQp7XGNvbG9ydGJsO1xyZWQyNTVcZ3JlZW4yNTVcYmx1ZTI1NTtccmVkMjU1XGdyZWVuMjU1XGJsdWUyNTU7fQp7XCpcZXhwYW5kZWRjb2xvcnRibDs7XGNzZ2VuZXJpY3JnYlxjMTAwMDAwXGMxMDAwMDBcYzEwMDAwMDt9ClxwYXJkXHR4NTYwXHR4MTEyMFx0eDE2ODBcdHgyMjQwXHR4MjgwMFx0eDMzNjBcdHgzOTIwXHR4NDQ4MFx0eDUwNDBcdHg1NjAwXHR4NjE2MFx0eDY3MjAKClxmMFxmczI0IFxjZjIgV2hlbiBJJ20gdHlwaW5nIGluIHRoZSBFZGl0b3JUZXh0RmllbGQsIEkgd2FudCB0byBiZSBhYmxlIHRvIHVzZSBidWJibGUgbGlzdHMsIGkuZS4gbGlzdHMgd2hlcmUgSSBjYW4gY2hlY2sgd2l0aCBlYWNoIGVsZW1lbnRzIHRvIHNheSB0aGF0IHRoZXkgYXJlIGRvbmUuIFwKfQEAAAAjAAAAAQAAAAcAAABUWFQucnRmEAAAAAfQ6WS2AQAAAAAAAAAAAACgAAgADQASAB4CbwAAAAAAAAIBAAAAAAAAAAUAAAAAAAAAAAAAAAAAAAJw', 'A00ADB3F-3E00-482E-B1E8-64C9D4D47B0F', NULL, 1, '2023-09-09 17:18:26', '2023-09-09 15:18:26', 2),
('28D5FB69-5AE3-4604-9D1E-414D74EC974E', 'Validation saisies technicien', 0, 1, 0, 'YnBsaXN0MDDSAQIDBFR0ZXh0W2F0dGFjaG1lbnRzTxECBXJ0ZmQAAAAAAwAAAAIAAAAHAAAAVFhULnJ0ZgEAAAAusgEAACsAAAABAAAAqgEAAHtccnRmMVxhbnNpXGFuc2ljcGcxMjUyXGNvY29hcnRmMjYzOQpcY29jb2F0ZXh0c2NhbGluZzBcY29jb2FwbGF0Zm9ybTJ7XGZvbnR0YmxcZjBcZm5pbFxmY2hhcnNldDAgSGVsdmV0aWNhTmV1ZTt9CntcY29sb3J0Ymw7XHJlZDI1NVxncmVlbjI1NVxibHVlMjU1O1xyZWQyNTVcZ3JlZW4yNTVcYmx1ZTI1NTt9CntcKlxleHBhbmRlZGNvbG9ydGJsOztcY3NzcmdiXGMxMDAwMDBcYzEwMDAwMFxjMTAwMDAwXGM4NDcwNjt9ClxwYXJkXHR4NTYwXHR4MTEyMFx0eDE2ODBcdHgyMjQwXHR4MjgwMFx0eDMzNjBcdHgzOTIwXHR4NDQ4MFx0eDUwNDBcdHg1NjAwXHR4NjE2MFx0eDY3MjAKClxmMFxmczI4IFxjZjIgTGEgZGV1eGlcJ2U4bWUgXCdlOXRhcGUgZGUgdmFsaWRhdGlvbiBkZXMgc2Fpc2llcyBkb2l0IHNlIGZhaXJlIHBhciBsZSB0ZWNobmljaWVufQEAAAAjAAAAAQAAAAcAAABUWFQucnRmEAAAAGqplmS2AQAAAAAAAAAAAACgAAgADQASAB4CJwAAAAAAAAIBAAAAAAAAAAUAAAAAAAAAAAAAAAAAAAIo', 'YnBsaXN0MDDSAQIDBFR0ZXh0W2F0dGFjaG1lbnRzTxEDmXJ0ZmQAAAAAAwAAAAIAAAAHAAAAVFhULnJ0ZgEAAAAuRgMAACsAAAABAAAAPgMAAHtccnRmMVxhbnNpXGFuc2ljcGcxMjUyXGNvY29hcnRmMjYzOQpcY29jb2F0ZXh0c2NhbGluZzBcY29jb2FwbGF0Zm9ybTJ7XGZvbnR0YmxcZjBcZm5pbFxmY2hhcnNldDAgSGVsdmV0aWNhTmV1ZTt9CntcY29sb3J0Ymw7XHJlZDI1NVxncmVlbjI1NVxibHVlMjU1O1xyZWQyNTVcZ3JlZW4yNTVcYmx1ZTI1NTt9CntcKlxleHBhbmRlZGNvbG9ydGJsOztcY3NnZW5lcmljcmdiXGMxMDAwMDBcYzEwMDAwMFxjMTAwMDAwO30Ke1wqXGxpc3R0YWJsZXtcbGlzdFxsaXN0dGVtcGxhdGVpZDFcbGlzdGh5YnJpZHtcbGlzdGxldmVsXGxldmVsbmZjMjNcbGV2ZWxuZmNuMjNcbGV2ZWxqYzBcbGV2ZWxqY24wXGxldmVsZm9sbG93MFxsZXZlbHN0YXJ0YXQxXGxldmVsc3BhY2UzNjBcbGV2ZWxpbmRlbnQwe1wqXGxldmVsbWFya2VyIFx7Y2lyY2xlXH19e1xsZXZlbHRleHRcbGV2ZWx0ZW1wbGF0ZWlkMVwnMDFcdWMwXHU5NzAyIDt9e1xsZXZlbG51bWJlcnM7fVxmaS0zNjBcbGk3MjBcbGluNzIwIH17XGxpc3RuYW1lIDt9XGxpc3RpZDF9fQp7XCpcbGlzdG92ZXJyaWRldGFibGV7XGxpc3RvdmVycmlkZVxsaXN0aWQxXGxpc3RvdmVycmlkZWNvdW50MFxsczF9fQpcZGVmdGFiNTYwClxwYXJkXHBhcmRlZnRhYjU2MFxwYXJkaXJuYXR1cmFsXHBhcnRpZ2h0ZW5mYWN0b3IwClxsczFcaWx2bDAKXGYwXGZzMjYgXGNmMiAtIEF1IG1vbWVudCBkZSB2YWxpZGVyIGxlcyBzYWlzaWVzIHBhciBsZSB0ZWNobmljaWVuLCBqZSBkb2lzIGJsb3F1ZXIgbGVzIFVESSBzXCc5MmlsIG5cJzkyeSBhIHBhcyBkZSBzdHJ1Y3R1cmUgZXQvb3UgcGFzIGRlIG5pdmVhdXggdGFyaWZhaXJlcy4gXAp9AQAAACMAAAABAAAABwAAAFRYVC5ydGYQAAAAkW2VZLYBAAAAAAAAAAAAAKAACAANABIAHgO7AAAAAAAAAgEAAAAAAAAABQAAAAAAAAAAAAAAAAAAA7w=', '43FDB857-6AF2-4639-8D17-DA302E9DBAC3', NULL, 1, '2023-09-09 17:18:26', '2023-09-09 15:18:26', 2),
('2C36ABF9-C997-4A4B-A47E-D94F7481A8F5', 'Compte utilisateur', 4, 1, 0, 'UGVybWV0dHJlIGTigJlhc3N1cmVyIGzigJlhdXRoZW50aWZpY2F0aW9uIGF1IG5pdmVhdSB1dGlsaXNhdGV1cg==', 'SWwgZmF1dCBwZXJtZXR0cmUgZGUgY3LDqWVyIGRlcyBjb21wdGVzIHV0aWxpc2F0ZXVycywgYWZpbiBkZSBzYXZvaXIgcXVpIGEgbGUgZHJvaXQgZGUgZmFpcmUuIElsIGZhdWRyYSBkb25jIGltcGzDqW1lbnRlciDDp2Egc3VyIGzigJlhcHBsaWNhdGlvbi4g', 'CC9AFD8E-EE69-4FF7-BBE7-635C1E74E438', NULL, 1, '2023-09-09 17:18:26', '2023-09-09 15:18:26', 2),
('2CC5BDA5-7E59-4414-8451-255F218BD190', 'View pour afficher l’état d’avancement', 0, 3, 0, 'UGVybWV0dHJlIMOgIGzigJl1dGlsaXNhdGV1ciBk4oCZw6p0cmUgYXUgIGNvdXJhbnQgZGUgY2UgcXXigJlpbCByZXN0ZSDDoCBmYWlyZSBhdmFudCBsYSBwcm9jaGFpbmUgbWlzZSDDoCBqb3VyLiA=', 'TOKAmWlkw6llIHNlcmFpdCBk4oCZYWZmaWNoZXIgdG91cyBsZXMgVG9EbyBk4oCZdW4gcHJvamV0IHRyacOpcyBwYXIgcHJpb3JpdMOpLiBPbiBwb3VycmFpdCBmaWx0cmVyIGxlcyByw6lzdWx0YXRzIHBvdXIgcGVybWV0dHJlIGRlIHZvaXIgY2UgcXXigJlpbCBmYXV0IGZhaXJlIHBvdXIgbGEgcHJvY2hhaW5lIG1pc2Ugw6Agam91ci4g', '979B07BE-17A0-4F6E-8170-C352CB8C0787', NULL, 1, '2023-09-09 17:18:26', '2023-09-09 15:18:26', 2),
('3E74A364-237F-4CE1-A781-E736832DC1FC', 'Archivage des Entités', 0, 3, 0, 'SWwgZmF1ZHJhaXQgcG91dm9pciBwZXJtZXR0cmUgZOKAmWFyY2hpdmVyIGxlcyBlbnRpdMOpcy4gRGUgY2V0dGUgbWFuacOocmUsIG9uIHBvdXJyYWl0IGZhaXJlIGR1IHRyaS4gQ2VsYSDDqXZpdGUgZGUgZGV2b2lyIHN1cHByaW1lciBsZXMgZW50aXTDqXMgcXVhbmQgb24gbuKAmWVuIGEgcGx1cyBiZXNvaW4uIAk=', 'Q2UgcXXigJlpbCBmYXV0IGZhaXJlIGVzdCBhc3NleiBzaW1wbGUgOiAKCS0gTGVzIHRvRG8gc29udCBhcmNoaXbDqXMgYXV0b21hdGlxdWVtZW50IHF1YW5kIGlscyBzb250IHRlcm1pbsOpcwoJLSBMZXMgZmVhdHVyZXMgcGV1dmVudCDDqnRyZSBhcmNoaXbDqWVzIHZpYSB1biBnbGlzc2VtZW50IHZlcnMgbGEgZ2F1Y2hlIG91IGxhIGRyb2l0ZS4gRGUgcGx1cywgbG9yc3F14oCZb24gZXNzYWllIGRlIHN1cHByaW1lciB1bmUgZmVhdHVyZSBxdWkgY29udGllbnQgZGVzIFRvRG8sIGlsIGZhdXQgYXZlcnRpciBxdeKAmW9uIG5lIHBldXQgcGFzIGxhIHN1cHByaW1lciBldCBxdeKAmWVsbGUgc2VyYSBhcmNoaXbDqWVzLiAKCkVuZmluLCB1biBib3V0b24gZG9pdCBwZXJtZXR0cmUgZOKAmWFmZmljaGVyIGxlcyBGZWF0dXJlcyBhcmNoaXbDqWVzLiA=', '19F2987E-5085-4511-A357-8B8F5BE89523', NULL, 1, '2023-09-09 17:18:26', '2023-09-09 15:18:26', 2),
('4086F2DA-59A9-4F94-8D7A-827F7EC95322', 'Comportement d’une action validée', 0, 1, 0, 'CS0gQ2hhbmdlciBsZSBzdGF0dXMgZOKAmXVuZSBhY3Rpb24gbG9yc3F14oCZZWxsZSBlc3QgdmFsaWTDqWUKCS0gQmxvcXVlciBjZXJ0YWluZXMgaW50ZXJhY3Rpb25zIGRlIGzigJl1dGlsaXNhdGV1cg==', 'VW5lIGZvaXMgcXXigJl1bmUgYWN0aW9uIGEgw6l0w6kgdmFsaWTDqWUsIGlsIGZhdWRyYSBmYWlyZSBlbiBzb3J0ZSBwb3VyIHF1ZSBzb24gc3RhdHVzIHNvaXQgdmFsaWTDqS4gCkNvbmNlcm5hbnQgbGVzIGludGVyYWN0aW9ucywgamUgcGVuc2UgcXVlIMOnYSBwb3VycmFpdCBhdm9pciB1biBzZW5zIGRlIGxhaXNzZXIgbOKAmXV0aWxpc2F0ZXVyIG1vZGlmaWVyIGNlcnRhaW5lcyBpbmZvcm1hdGlvbnMuIFBhciBjb250cmUsIGlsIGZhdXQgbW9kaWZpZXIgY2VsYSBlbiBkaXJlY3QgZGFucyBsYSB0w6JjaGUuIEEgdm9pciBjb21tZW50IG9uIHBldXQgaW1wbMOpbWVudGVyIMOnYS4g', '404D6F64-DE2E-4D15-B13A-153729C2301F', NULL, 1, '2023-09-09 17:18:26', '2023-09-09 15:18:26', 2),
('411F974B-90EA-4E6B-9892-FFFFDB44CB90', 'Edition des Features', 5, 3, 0, NULL, 'SmUgcGVuc2UgcXXigJlpbCBlc3Qgc8O7cmVtZW50IHByw6lmw6lyYWJsZSBkZSBsYWlzc2VyIGxhIG1vZGlmaWNhdGlvbiBkZXMgRmVhdHVyZSBlbiBzZWNvbmQgcGxhbiwgY2FyIGNlIG7igJllc3QgcGFzIHVuZSBhY3Rpb24gcXVpIGVzdCBsYSBwbHVzIGZyw6lxdWVudGUuIElsIGVzdCBzw7tyZW1lbnQgcHLDqWbDqXJhYmxlIGRlIGxhbmNlciBs4oCZw6lkaXRpb24gZGVzICBGZWF0dXJlIHN1ciBsZSBkZXV4acOobWUgY2xpYyBzdXIgdW5lIEZlYXR1cmUuIEF1IHByZW1pZXIsIG9uIHBvdXJyYWl0IG1ldHRyZSBsZSBkZXJuaWVyIFRvRG8gc8OpbGVjdGlvbm7DqSBkYW5zIGxhIEZlYXR1cmUuIA==', '19F2987E-5085-4511-A357-8B8F5BE89523', NULL, 1, '2023-09-09 17:18:26', '2023-09-09 15:18:26', 2),
('49A419FC-88AD-4399-AF63-BB80AD42CC0D', 'Ajout d’un type pour les ToDo', 1, 1, 0, 'UGVybWV0dHJlIGRlIGRpZmbDqXJlbmNpZXIgbGVzIFRvRG8gcmVsYXRpZnMgYXV4IG5vdXZlYXV0w6lzLCBhdXggY29ycmVjdGlmcyBldCBhdXggY29ycmVjdGlvbnMgZGUgYnVncy4g', 'SWwgZmF1dCBham91dGVyIHVuIG5vdXZlbCBhdHRyaWJ1dCBhdXggVG9EbyBldCBjcsOpZXIgbOKAmcOpbnVtw6lyYXRpb24gcXVpIHZhIGF2ZWMuIA==', '9399DC98-A04E-4A84-B337-1E7CF2CA9CA3', NULL, 1, '2023-09-09 17:18:26', '2023-09-09 15:18:26', 2),
('4B11E10D-FB4A-4FC0-AE51-7425BCC8340B', 'Garder la sélection sur la Feature lorsque l’on crée un nouveau ToDo (avec le raccourcis)', 5, 2, 0, NULL, 'TG9yc3F1ZSBq4oCZZXjDqWN1dGUgbGUgcmFjY291cmNpcyBwb3VyIGFqb3V0ZXIgdW4gbm91dmVhdSBUb0RvLCBqZSBwZXJkcyBsYSBzw6lsZWN0aW9uIGRlIGxhIEZlYXR1cmUgZGFucyBsYSBVSUNvbGxlY3Rpb25WaWV3LiBJbCBmYXVkcmFpdCBjb3JyaWdlciBjZWxhLCBhZmluIHF1ZSwgdmlzdWVsbGVtZW50LCBlbGxlIHJlc3RlIHPDqWxlY3Rpb25uw6llICjDoCB2b2lyIHNpIGVsbGUgZXN0IGVuY29yZSBzw6lsZWN0aW9ubsOpZSBkYW5zIGxlIGNvZGUpLiBDZSBidWcgYXBwYXJhw650IGFwcsOocyAgYXZvaXIgY3LDqcOpIHVuZSBub3V2ZWxsZSBGZWF0dXJlLiBK4oCZYWkgYXVzc2kgcsOpdXNzaSDDoCBsZSByZXByb2R1aXJlIGVuIG1vZGlmaWFudCBsZSBub20gZGUgbGEgZmVhdHVyZS4gTGEgbGlnbmUgZXN0IGTDqXPDqWxlY3Rpb25uw6llLCBjZSBxdWkgcG9zZSBlbnN1aXRlIHByb2Jsw6htZeKApg==', '979B07BE-17A0-4F6E-8170-C352CB8C0787', NULL, 1, '2023-09-09 17:18:26', '2023-09-09 15:18:26', 2),
('4EA9462D-FA81-4022-AE4D-DC208847B269', 'Permettre de faire le lien avec des notes Apple Notes', 0, 3, 0, 'RmFpcmUgdW4gbGllbiBhdmVjIHVuZSBBcHBsZU5vdGUgcGVybWV0dHJhaXQgZGUgcsOpc291ZHJlIGxlIHNvdWNpcyBkZXMgZG9jdW1lbnRzLCBjYXIgY2VzIG5vdGVzIHBldXZlbnQgZW5yZWdpc3RyZXIgbGVzIGRvY3VtZW50cy4gRGUgcGx1cyBjZWxhIHBlcm1ldHRyYWl0IGRlIGZhaXJlIGRlcyBkZXNzaW5zICEhIQ==', NULL, '19F2987E-5085-4511-A357-8B8F5BE89523', NULL, 1, '2023-09-09 17:18:26', '2023-09-09 15:18:26', 2),
('52DEC257-F828-40A0-B210-994A5B6D7DF9', 'Options de tri', 3, 1, 0, 'T2ZmcmlyIGRlcyBmaWx0cmVzIGRlcyBUb0RvLCBhZmluIHF1ZSBs4oCZb24gcHVpc3NlIGZhaXJlIHVuIHBldSBsZSBtw6luYWdlIGF2ZWMgY2UgcXVpIGEgw6l0w6kgZmFpdCwgY2UgcXXigJlpbCByZXN0ZSDDoCBmYWlyZSwgY2UgcXVpIGVzdCB1cmdlbnQsIHBhcyB1cmdlbnQsIGV0Yy4g', NULL, '19F2987E-5085-4511-A357-8B8F5BE89523', NULL, 1, '2023-09-09 17:18:26', '2023-09-09 15:18:26', 2),
('55B6AED2-03DB-42C5-B702-4000D5C50E7F', 'Prise en charge de la synchronisation', 0, 1, 0, 'U3luY2hyb25pc2F0aW9uIGRlcyBkb25uw6llcyBlbnRyZSBsZXMgYXBwYXJlaWxz', 'U3VpdnJlIGRlc2NyaXB0aW9uIGRlIGxhIEZlYXR1cmU=', 'CC9AFD8E-EE69-4FF7-BBE7-635C1E74E438', NULL, 1, '2023-09-09 17:18:26', '2023-09-09 15:18:26', 2),
('5A67BEDE-0228-495B-A353-732A5D6B533D', 'Test Canvas', 0, 1, 0, 'YnBsaXN0MDDSAQIDBFR0ZXh0W2F0dGFjaG1lbnRzTxEBvHJ0ZmQAAAAAAwAAAAIAAAAHAAAAVFhULnJ0ZgEAAAAuaQEAACsAAAABAAAAYQEAAHtccnRmMVxhbnNpXGFuc2ljcGcxMjUyXGNvY29hcnRmMjYzOQpcY29jb2F0ZXh0c2NhbGluZzBcY29jb2FwbGF0Zm9ybTJ7XGZvbnR0YmxcZjBcZm5pbFxmY2hhcnNldDAgSGVsdmV0aWNhTmV1ZTt9CntcY29sb3J0Ymw7XHJlZDI1NVxncmVlbjI1NVxibHVlMjU1O1xyZWQyNTVcZ3JlZW4yNTVcYmx1ZTI1NTt9CntcKlxleHBhbmRlZGNvbG9ydGJsOztcY3NzcmdiXGMxMDAwMDBcYzEwMDAwMFxjMTAwMDAwXGM4NDcwNjt9ClxwYXJkXHR4NTYwXHR4MTEyMFx0eDE2ODBcdHgyMjQwXHR4MjgwMFx0eDMzNjBcdHgzOTIwXHR4NDQ4MFx0eDUwNDBcdHg1NjAwXHR4NjE2MFx0eDY3MjAKClxmMFxmczI4IFxjZjIgT2JqZWN0aWZ9AQAAACMAAAABAAAABwAAAFRYVC5ydGYQAAAAb53VY7YBAAAAAAAAAAAAAKAACAANABIAHgHeAAAAAAAAAgEAAAAAAAAABQAAAAAAAAAAAAAAAAAAAd8=', 'YnBsaXN0MDDSAQIDBFR0ZXh0W2F0dGFjaG1lbnRzTxEB53J0ZmQAAAAAAwAAAAIAAAAHAAAAVFhULnJ0ZgEAAAAulAEAACsAAAABAAAAjAEAAHtccnRmMVxhbnNpXGFuc2ljcGcxMjUyXGNvY29hcnRmMjYzOQpcY29jb2F0ZXh0c2NhbGluZzBcY29jb2FwbGF0Zm9ybTJ7XGZvbnR0YmxcZjBcZm5pbFxmY2hhcnNldDAgSGVsdmV0aWNhTmV1ZTt9CntcY29sb3J0Ymw7XHJlZDI1NVxncmVlbjI1NVxibHVlMjU1O1xyZWQyNTVcZ3JlZW4yNTVcYmx1ZTI1NTt9CntcKlxleHBhbmRlZGNvbG9ydGJsOztcY3NzcmdiXGMxMDAwMDBcYzEwMDAwMFxjMTAwMDAwXGM4NDcwNjt9ClxwYXJkXHR4NTYwXHR4MTEyMFx0eDE2ODBcdHgyMjQwXHR4MjgwMFx0eDMzNjBcdHgzOTIwXHR4NDQ4MFx0eDUwNDBcdHg1NjAwXHR4NjE2MFx0eDY3MjAKClxmMFxmczI4IFxjZjIgQm9uam91ciwgb24gdmEgZ2VudGltZW50IGZhaXJlIGxlIHRlc3QgZGUgQ2FudmFzIDogfQEAAAAjAAAAAQAAAAcAAABUWFQucnRmEAAAAALP1mO2AQAAAAAAAAAAAACgAAgADQASAB4CCQAAAAAAAAIBAAAAAAAAAAUAAAAAAAAAAAAAAAAAAAIK', '1F37535D-55C6-4C4B-92A5-56611209B93A', NULL, 1, '2023-09-09 17:18:26', '2023-09-09 15:18:26', 2),
('60B0B000-3F82-4127-AC96-57EA87D23848', 'Supprimer le bouton créer', 6, 0, 0, 'RXZpdGVyIHVuIGNsaWNrIGRlIGzigJl1dGlsaXNhdGV1cg==', 'QSBsYSBjcsOpYXRpb24gZGVzIEZlYXR1cmVzIGV0IGRlcyBUb0RvLCBpbCBmYXV0IHN1cHByaW1lciBsZSBib3V0b24g4oCcQ3JlYXRl4oCdLiBMZXMgRmVhdHVyZXMgZXQgbGVzIFRvRG8gZG9pdmVudCDDqnRyZSBjcsOpw6lzIGF1dG9tYXRpcXVlbWVudCBhdSBtb21lbnQgb8O5IGzigJl1dGlsaXNhdGV1ciBzb3J0IGR1IGNoYW1wIGTigJnDqWRpdGlvbiBkdSBub20gISA=', '19F2987E-5085-4511-A357-8B8F5BE89523', NULL, 1, '2023-09-09 17:18:26', '2023-09-09 15:18:26', 2),
('6489834B-506A-4647-8154-BB9F4FE7CE50', 'Faire l’AED pour PKT', 1, 2, 0, 'SW1wbMOpbWVudGVyIGzigJlBRUQgZGUgZ3JvdXBlIHBvdXIgbGVzIGNhdMOpZ29yaWVzIHBlcnNvbm5lbGxlcw==', 'RmFpcmUgY29tbWUgcG91ciBsZXMgYXV0cmVzIEFFRCwgY29waWVyIGRlcHVpcyBsYSBmZW7DqnRyZSBTQUwtRE9NX0ZJQ0hF', 'D9D3E1B6-305C-476C-9B68-A7B2E040B36D', NULL, 1, '2023-09-09 17:18:26', '2023-09-09 15:18:26', 2),
('6D523586-7616-4C58-BA62-04B96E18F39D', 'Analyse at lunch', 1, 1, 0, 'YnBsaXN0MDDSAQIDBFR0ZXh0W2F0dGFjaG1lbnRzTxEBw3J0ZmQAAAAAAwAAAAIAAAAHAAAAVFhULnJ0ZgEAAAAucAEAACsAAAABAAAAaAEAAHtccnRmMVxhbnNpXGFuc2ljcGcxMjUyXGNvY29hcnRmMjYzOQpcY29jb2F0ZXh0c2NhbGluZzBcY29jb2FwbGF0Zm9ybTJ7XGZvbnR0YmxcZjBcZnN3aXNzXGZjaGFyc2V0MCBIZWx2ZXRpY2E7fQp7XGNvbG9ydGJsO1xyZWQyNTVcZ3JlZW4yNTVcYmx1ZTI1NTt9CntcKlxleHBhbmRlZGNvbG9ydGJsOzt9ClxwYXJkXHR4NTYwXHR4MTEyMFx0eDE2ODBcdHgyMjQwXHR4MjgwMFx0eDMzNjBcdHgzOTIwXHR4NDQ4MFx0eDUwNDBcdHg1NjAwXHR4NjE2MFx0eDY3MjBccGFyZGlybmF0dXJhbAoKXGYwXGZzMjQgXGNmMCBBdm9pZCBleGVjdXRpbmcgdGhlIGJhY2t1cCBwcm9jZWR1cmUgZXZlcnkgdGltZSBhIGRpc2sgaXMgY29ubmVjdGVkfQEAAAAjAAAAAQAAAAcAAABUWFQucnRmEAAAAHFcH2S2AQAAAAAAAAAAAACgAAgADQASAB4B5QAAAAAAAAIBAAAAAAAAAAUAAAAAAAAAAAAAAAAAAAHm', 'VGhlIGlkZWEgaXMgdGhhdCBhdCBsYXVuY2gsIGl0IHNob3VsZCBiZSBjaGVjayBmb3IgdHdvIHRoaW5ncyA6IAktIEhvdyB0aGUgcHJvZ3JhbSB3YXMgbGF1bmNoIDogaWYgaXQgd2FzIGxhdW5jaGVkIGF1dG9tYXRpY2FsbHksIGluc2VydCBhIHBhcmFtZXRlciBhdCBsYXVuY2ggdG8ga25vdyB0aGF0IHdlIHNob3VsZCBwZXJmb3JtIGEgYmFja3VwLgoJLSBJZiB3ZSBuZWVkIHRvIGRvIGEgYmFja3VwIDogaWYgdGhlcmUgaXMgbm8gYmFja3Vw4oCZcyBkZXZpY2VzIGF2YWlsYWJsZSwganVzdCBkbyBub3RoaW5nLiBJdCBhdm9pZCB0aGF0IHRoZSBhcHAgYXNrIHRvIGRvIGEgYmFja3VwIHdoZW4gbm90aGluZyBpcyBhdmFpbGFibGUuIA==', '12CCD893-03DE-423E-AA36-87615C5614EC', NULL, 1, '2023-09-09 17:18:26', '2023-09-09 15:18:26', 2),
('7355FA1E-FA12-4968-B7AD-23DB181CFDB7', 'Ajouter les NIVTAR', 1, 1, 0, 'YnBsaXN0MDDSAQIDBFR0ZXh0W2F0dGFjaG1lbnRzTxECSnJ0ZmQAAAAAAwAAAAIAAAAHAAAAVFhULnJ0ZgEAAAAu9wEAACsAAAABAAAA7wEAAHtccnRmMVxhbnNpXGFuc2ljcGcxMjUyXGNvY29hcnRmMjYzOQpcY29jb2F0ZXh0c2NhbGluZzBcY29jb2FwbGF0Zm9ybTJ7XGZvbnR0YmxcZjBcZnN3aXNzXGZjaGFyc2V0MCBIZWx2ZXRpY2E7fQp7XGNvbG9ydGJsO1xyZWQyNTVcZ3JlZW4yNTVcYmx1ZTI1NTt9CntcKlxleHBhbmRlZGNvbG9ydGJsOzt9ClxwYXJkXHR4NTYwXHR4MTEyMFx0eDE2ODBcdHgyMjQwXHR4MjgwMFx0eDMzNjBcdHgzOTIwXHR4NDQ4MFx0eDUwNDBcdHg1NjAwXHR4NjE2MFx0eDY3MjAKClxmMFxmczI0IFxjZjEgRm91cm5pciBkZXMgdmFsZXVycyBwYXIgZFwnZTlmYXV0IHBvdXIgbGVzIG5pdmVhdXggdGFyaWZhaXJlcyBhdXggQ0RDL1VESSBwb3VyIGNoYXF1ZSBiYXNlIGFydGljbGUuIEwnaWRcJ2U5ZSBlc3QgcXVlIGxvcnNxdWUgaidhaSAgYmVzb2luIGRlIGNyXCdlOWVyIGRlcyBzYWlzaWVzLCBvbiBwdWlzc2UgcHJvcG9zZXIgZGlyZWN0ZW1lbnQgbGVzIGJvbm5lcyB2YWxldXJzLiAgfQEAAAAjAAAAAQAAAAcAAABUWFQucnRmEAAAANXyk2S2AQAAAAAAAAAAAACgAAgADQASAB4CbAAAAAAAAAIBAAAAAAAAAAUAAAAAAAAAAAAAAAAAAAJt', 'YnBsaXN0MDDSAQIDBFR0ZXh0W2F0dGFjaG1lbnRzTxEF9HJ0ZmQAAAAAAwAAAAIAAAAHAAAAVFhULnJ0ZgEAAAAuoQUAACsAAAABAAAAmQUAAHtccnRmMVxhbnNpXGFuc2ljcGcxMjUyXGNvY29hcnRmMjYzOQpcY29jb2F0ZXh0c2NhbGluZzBcY29jb2FwbGF0Zm9ybTJ7XGZvbnR0YmxcZjBcZnN3aXNzXGZjaGFyc2V0MCBIZWx2ZXRpY2E7XGYxXGZuaWxcZmNoYXJzZXQwIEhlbHZldGljYU5ldWU7fQp7XGNvbG9ydGJsO1xyZWQyNTVcZ3JlZW4yNTVcYmx1ZTI1NTtccmVkMjU1XGdyZWVuMjU1XGJsdWUyNTU7fQp7XCpcZXhwYW5kZWRjb2xvcnRibDs7XGNzZ2VuZXJpY3JnYlxjMTAwMDAwXGMxMDAwMDBcYzEwMDAwMDt9ClxwYXJkXHR4NTYwXHR4MTEyMFx0eDE2ODBcdHgyMjQwXHR4MjgwMFx0eDMzNjBcdHgzOTIwXHR4NDQ4MFx0eDUwNDBcdHg1NjAwXHR4NjE2MFx0eDY3MjAKClxmMFxmczI0IFxjZjIgLSBDb3JyaWdlciBsYSBjbFwnZTkgcHJpbWFpcmUgcG91ciBtZXR0cmUgbGEgc1wnZTlxdWVuY2UgZGFucyAgbCdpbnNlcnRpb24gZGVzIE5JVlRBUiBldCBham91dGVyIGxlcyAgZGlmZlwnZTlyZW50ZXMgY29sb25uZXMgbWFucXVhbnRlcy4gRmFpcmUgZGUgbVwnZWFtZSBcJ2UwIGwndXBkYXRlXAotIEZhaXJlIGxlIGRlbGV0ZSAgLT4gIGZhaXRcCi0gQWpvdXRlciA1IGNvbG9ubmVzIGRhbnMgbGEgdGFibGUgWVNBTklWVEFSIDogdHlwZSBkJ29wXCdlOXJhdGlvbiwgbVwnZTltbyAoMTAwMCBjaGFyYWNcJ2U4cmVzKSwgdW4gYm9vbFwnZTlhbiAiTmUgcGFzIGZhY3R1cmVyXCc5NCwgZGV1eCBwb3VyY2VudGFnZXMgKHVuIHBvdXIgIGxlcyAgdGF1eCBmaXhlcyBldCB1biAgcG91ciBsZXMgIHRhdXggdmFyaWFibGVzKSBwb3VyIGluZGlxdWVyIGxlIHBvdXJjZW50YWdlIGR1IHByaXggcXVlIGwnb24gdmV1dCBtZXR0cmUgIHBvdXIgbGEgZmFjdHVyYXRpb24uIFwKLSBDclwnZTllciB1bmUgdGFibGUgcG91ciBsYSBiYXNlIGFydGljbGUgOiAKXGYxXGZzMjYgXGNmMiBpZCAgIGFwcHBsICAgIGRlc2NGUixBTCxJVCxFTiBUYWJsZVByaW5jaXBhbGUsIGV0Yy4uICsgdHlwZSBkJ29wXCdlOXJhdGlvbiBwYXIgZFwnZTlmYXV0IDcwMCArIFRBUklGIFBBUiBEXCdmNkZBVVQ6IFNUQU5EQVJEICAtPiBwZXV0LVwnZWF0cmUgZmFpcmUgIHVuZSBzb3VzLXRhYmxlIHBvdXIgIG1ldHRyZSBwbHVzClxmMFxmczI0IFxjZjIgXAotIE1ldHRyZSBcJ2UwIGpvdXIgcG91ciByXCdlOWN1cFwnZTlyZXIgbGVzIE5JVlRBUiBkZSBsYSBzdHJ1Y3R1cmVcCi0gQWpvdXRlciBkZXV4IGJvb2xcJ2U5YW5zIGRhbnMgbGEgdGFibGUgZGVzIG5pdmVhdXggdGFyaWZhaXJlcyArIHVuZSBsaWFpc29uIGF2ZWMgbGEgdGFibGUgU0hBUFBMLiBMZSAgcHJlbWllciBCb29sXCdlOWFuIGVzdCBwb3VyIGluZGlxdWVyIHNpIG9uIGFmZmljaGUgbFwnOTJcJ2U5ZGl0aW9uIHRhcmlmYWlyZSwgbGUgZGV1eGlcJ2U4bWUgaW5kaXF1ZSBzaSBsJ29uIGFmZmljaGUgbGVzIHBvdXJjZW50YWdlcy4gXAp9AQAAACMAAAABAAAABwAAAFRYVC5ydGYQAAAA1G6VZLYBAAAAAAAAAAAAAKAACAANABIAHgYWAAAAAAAAAgEAAAAAAAAABQAAAAAAAAAAAAAAAAAABhc=', '4750C5CA-AB71-4C82-9219-1097A0D6CD02', NULL, 1, '2023-09-09 17:18:26', '2023-09-09 15:18:26', 2),
('770EF19D-968B-4336-80DF-8CB1C265F01E', 'Vue de gestion du compte', 0, 1, 0, NULL, 'RmFpcmUgdW5lIGZlbsOqdHJlIHBvdXIgcGVybWV0dHJlIGRlIHZvaXIgbGVzIGluZm9ybWF0aW9ucyBkZSBjb25uZXhpb24gZXQgc2UgZMOpY29ubmVjdGVyLiBFbGxlIHNlIHNpdHVlcmEgZGFucyBsZSBtZW51IHByaW5jaXBhbCAoZGFucyBsZXMgc2V0dGluZ3MpLiBD4oCZZXN0IGzDoCDDqWdhbGVtZW50IHF14oCZaWwgcG91cnJhIHNlIHJlY29ubmVjdGVyIHPigJlpbCBzZSBkw6ljb25uZWN0ZQ==', 'CC9AFD8E-EE69-4FF7-BBE7-635C1E74E438', NULL, 1, '2023-09-30 08:42:55', '2023-10-22 12:03:24', 3),
('7A859771-6472-4B47-8854-2ADAC83A32F5', 'Fonctionnalité à ajouter pour la compatibilité', 0, 1, 0, 'YnBsaXN0MDDSAQIDBFR0ZXh0W2F0dGFjaG1lbnRzTxEB93J0ZmQAAAAAAwAAAAIAAAAHAAAAVFhULnJ0ZgEAAAAupAEAACsAAAABAAAAnAEAAHtccnRmMVxhbnNpXGFuc2ljcGcxMjUyXGNvY29hcnRmMjYzOQpcY29jb2F0ZXh0c2NhbGluZzBcY29jb2FwbGF0Zm9ybTJ7XGZvbnR0YmxcZjBcZnN3aXNzXGZjaGFyc2V0MCBIZWx2ZXRpY2E7fQp7XGNvbG9ydGJsO1xyZWQyNTVcZ3JlZW4yNTVcYmx1ZTI1NTtccmVkMjU1XGdyZWVuMjU1XGJsdWUyNTU7fQp7XCpcZXhwYW5kZWRjb2xvcnRibDs7XGNzZ2VuZXJpY3JnYlxjMTAwMDAwXGMxMDAwMDBcYzEwMDAwMDt9ClxwYXJkXHR4NTYwXHR4MTEyMFx0eDE2ODBcdHgyMjQwXHR4MjgwMFx0eDMzNjBcdHgzOTIwXHR4NDQ4MFx0eDUwNDBcdHg1NjAwXHR4NjE2MFx0eDY3MjBccGFyZGlybmF0dXJhbAoKXGYwXGZzMjQgXGNmMiBSZW5kcmUgbGUgdG91dCBmb25jdGlvbm5lbCBhdmVjIG5cJzkyaW1wb3J0ZSBxdWVsIGRldmljZX0BAAAAIwAAAAEAAAAHAAAAVFhULnJ0ZhAAAABe65NktgEAAAAAAAAAAAAAoAAIAA0AEgAeAhkAAAAAAAACAQAAAAAAAAAFAAAAAAAAAAAAAAAAAAACGg==', 'YnBsaXN0MDDSAQIDBFR0ZXh0W2F0dGFjaG1lbnRzTxECPHJ0ZmQAAAAAAwAAAAIAAAAHAAAAVFhULnJ0ZgEAAAAu6QEAACsAAAABAAAA4QEAAHtccnRmMVxhbnNpXGFuc2ljcGcxMjUyXGNvY29hcnRmMjYzOQpcY29jb2F0ZXh0c2NhbGluZzBcY29jb2FwbGF0Zm9ybTJ7XGZvbnR0YmxcZjBcZnN3aXNzXGZjaGFyc2V0MCBIZWx2ZXRpY2E7fQp7XGNvbG9ydGJsO1xyZWQyNTVcZ3JlZW4yNTVcYmx1ZTI1NTtccmVkMjU1XGdyZWVuMjU1XGJsdWUyNTU7fQp7XCpcZXhwYW5kZWRjb2xvcnRibDs7XGNzZ2VuZXJpY3JnYlxjMTAwMDAwXGMxMDAwMDBcYzEwMDAwMDt9ClxwYXJkXHR4NTYwXHR4MTEyMFx0eDE2ODBcdHgyMjQwXHR4MjgwMFx0eDMzNjBcdHgzOTIwXHR4NDQ4MFx0eDUwNDBcdHg1NjAwXHR4NjE2MFx0eDY3MjBccGFyZGlybmF0dXJhbAoKXGYwXGZzMjQgXGNmMiAtIEFqb3V0ZXIgbGVzIGZvbmN0aW9ubmFsaXRcJ2U5cyBsXCc5MmlQaG9uZSwgbG9yc3F1XCc5MmlsIHkgYSBvYnN0cnVjdGlvbiBwYXIgbGUgdG9vbFBpY2tlciwgYWluc2kgcXVlIGxlcyB1bmRvL3JlZG8gYnV0dG9uc30BAAAAIwAAAAEAAAAHAAAAVFhULnJ0ZhAAAABk65NktgEAAAAAAAAAAAAAoAAIAA0AEgAeAl4AAAAAAAACAQAAAAAAAAAFAAAAAAAAAAAAAAAAAAACXw==', 'A00ADB3F-3E00-482E-B1E8-64C9D4D47B0F', NULL, 1, '2023-09-09 17:18:26', '2023-09-09 15:18:26', 2),
('7B44F7F2-7FDE-40A1-BA34-20E195DFFD1C', 'Bug au moment où j’ai recherché l’UDI/CDC', 2, 1, 0, 'YnBsaXN0MDDSAQIDBFR0ZXh0W2F0dGFjaG1lbnRzTxECX3J0ZmQAAAAAAwAAAAIAAAAHAAAAVFhULnJ0ZgEAAAAuDAIAACsAAAABAAAABAIAAHtccnRmMVxhbnNpXGFuc2ljcGcxMjUyXGNvY29hcnRmMjYzOQpcY29jb2F0ZXh0c2NhbGluZzBcY29jb2FwbGF0Zm9ybTJ7XGZvbnR0YmxcZjBcZnN3aXNzXGZjaGFyc2V0MCBIZWx2ZXRpY2E7fQp7XGNvbG9ydGJsO1xyZWQyNTVcZ3JlZW4yNTVcYmx1ZTI1NTt9CntcKlxleHBhbmRlZGNvbG9ydGJsOzt9ClxwYXJkXHR4NTYwXHR4MTEyMFx0eDE2ODBcdHgyMjQwXHR4MjgwMFx0eDMzNjBcdHgzOTIwXHR4NDQ4MFx0eDUwNDBcdHg1NjAwXHR4NjE2MFx0eDY3MjBccGFyZGlybmF0dXJhbAoKXGYwXGZzMjQgXGNmMSBJbCB5IGEgc1wnZmJyZW1lbnQgZXUgdW4gc291Y2lzLCBjYXIgalwnOTJhaSBjaGFyZ1wnZTkgbGUgMTQxMyBldCBkaXJlY3RlbWVudCBhcHJcJ2U4cyBqXCc5MmFpIGVzc2F5XCdlOSBkZSBjaGFuZ2VyIGRlIHBsYW4uIFBldXQtXCdlYXRyZSBxdWUgbGUgY2hhcmdlbWVudCBuXCc5MlwnZTl0YWl0IHBhcyB0ZXJtaW5cJ2U5IGxvcnNxdWUgY1wnOTJlc3QgYXJyaXZcJ2U5LiBBIHZvaXJcJzg1fQEAAAAjAAAAAQAAAAcAAABUWFQucnRmEAAAABfqk2S2AQAAAAAAAAAAAACgAAgADQASAB4CgQAAAAAAAAIBAAAAAAAAAAUAAAAAAAAAAAAAAAAAAAKC', 'YnBsaXN0MDDSAQIDBFR0ZXh0W2F0dGFjaG1lbnRzTxEEM3J0ZmQAAAAAAwAAAAIAAAAHAAAAVFhULnJ0ZgEAAAAu4AMAACsAAAABAAAA2AMAAHtccnRmMVxhbnNpXGFuc2ljcGcxMjUyXGNvY29hcnRmMjYzOQpcY29jb2F0ZXh0c2NhbGluZzBcY29jb2FwbGF0Zm9ybTJ7XGZvbnR0YmxcZjBcZnN3aXNzXGZjaGFyc2V0MCBIZWx2ZXRpY2E7fQp7XGNvbG9ydGJsO1xyZWQyNTVcZ3JlZW4yNTVcYmx1ZTI1NTtccmVkMjU1XGdyZWVuMjU1XGJsdWUyNTU7fQp7XCpcZXhwYW5kZWRjb2xvcnRibDs7XGNzZ2VuZXJpY3JnYlxjMTAwMDAwXGMxMDAwMDBcYzEwMDAwMDt9ClxwYXJkXHR4NTYwXHR4MTEyMFx0eDE2ODBcdHgyMjQwXHR4MjgwMFx0eDMzNjBcdHgzOTIwXHR4NDQ4MFx0eDUwNDBcdHg1NjAwXHR4NjE2MFx0eDY3MjBccGFyZGlybmF0dXJhbAoKXGYwXGZzMjQgXGNmMiBEXCdlOXRhaWwgZGUgbFwnOTJlcnJldXIgOiBcClwKRXJyZXVyIFNRTCA6IFtPcmFjbGVdW09EQkNdW09yYV1PUkEtMDA5MzY6IG1pc3NpbmcgZXhwcmVzc2lvblwKXApcClZldWlsbGV6IGVudm95ZXIgdW4gY291cnJpZWwgXCdlMCBsYSBob3RsaW5lIGF2ZWMgbGUgY29udGVudSBkdSBwcmVzc2UtcGFwaWVyIChjbGlwYm9hcmQpXApcCnNlbGVjdCBvcF9vcCwgb3BfdGl0cmUsICBwb3BfcG9wLCBwb3Bfb3AsIHBvcF9wb3MsIHBvcF9udW0sIHBvcF90aXRyZSwgcG9wX2FjdGlmLCBwb3BfbWVtbyxcCnlzYXBvcC52YWxfZGViLCB5c2Fwb3AudmFsX2ZpbiwgeXNhcG9wLnVzZXJfY3J0LCB5c2Fwb3AuZGF0ZV9jcnQsIHlzYXBvcC51c2VyX3VwZCwgeXNhcG9wLmRhdGVfdXBkLCB5c2Fwb3AudXNlcl9pbXAsIHlzYXBvcC5kYXRlX2ltcCwgeXNhcG9wLmxvY2tzdGF0ZSwgeXNhcG9wLnVzZXJsb2NrLCBwb3BfYnVkZnIsIHBvcF9idWRoXApcCmZyb20gUUVfQUdFTlQuWVNBUE9QXApKT0lOIFFFX0FHRU5ULllTQU9QIE9OIHBvcF9vcCA9IG9wX29wXApXSEVSRSBvcF9vcCA9IFwKT1JERVIgQlkgcG9wX251bVwKXApwcmMxNjMxMTU0N182M181LTUyXApjbHNBcHBEQl9FeHRlcm5lLkV4ZWNDb21tYW5kU3FsLTgzfQEAAAAjAAAAAQAAAAcAAABUWFQucnRmEAAAACDqk2S2AQAAAAAAAAAAAACgAAgADQASAB4EVQAAAAAAAAIBAAAAAAAAAAUAAAAAAAAAAAAAAAAAAARW', '4750C5CA-AB71-4C82-9219-1097A0D6CD02', NULL, 1, '2023-09-09 17:18:26', '2023-09-09 15:18:26', 2),
('8156B71D-AF29-4977-990F-1EEE62F0D6FE', 'Allow to insert images and documents', 0, 1, 0, 'YnBsaXN0MDDSAQIDBFR0ZXh0W2F0dGFjaG1lbnRzTxECNHJ0ZmQAAAAAAwAAAAIAAAAHAAAAVFhULnJ0ZgEAAAAu4QEAACsAAAABAAAA2QEAAHtccnRmMVxhbnNpXGFuc2ljcGcxMjUyXGNvY29hcnRmMjYzOQpcY29jb2F0ZXh0c2NhbGluZzBcY29jb2FwbGF0Zm9ybTJ7XGZvbnR0YmxcZjBcZm5pbFxmY2hhcnNldDAgSGVsdmV0aWNhTmV1ZTt9CntcY29sb3J0Ymw7XHJlZDI1NVxncmVlbjI1NVxibHVlMjU1O1xyZWQyNTVcZ3JlZW4yNTVcYmx1ZTI1NTt9CntcKlxleHBhbmRlZGNvbG9ydGJsOztcY3NzcmdiXGMxMDAwMDBcYzEwMDAwMFxjMTAwMDAwXGM4NDcwNjt9ClxwYXJkXHR4NTYwXHR4MTEyMFx0eDE2ODBcdHgyMjQwXHR4MjgwMFx0eDMzNjBcdHgzOTIwXHR4NDQ4MFx0eDUwNDBcdHg1NjAwXHR4NjE2MFx0eDY3MjAKClxmMFxmczI4IFxjZjIgT2Z0ZW4sIEkgd2FudCB0byBiZSBhYmxlIHRvIGFkZCBhbiBpbWFnZSB0byBpbGx1c3RyYXRlIGEgIGRvY3VtZW50LiBJdCBtYXkgYmUgY29vbCBpZiBJIGNhbiBpbnNlcnQgdGhlbSBkaXJlY3RseSBpbnRvIHRoZSBFZGl0b3J9AQAAACMAAAABAAAABwAAAFRYVC5ydGYQAAAAJAOUZLYBAAAAAAAAAAAAAKAACAANABIAHgJWAAAAAAAAAgEAAAAAAAAABQAAAAAAAAAAAAAAAAAAAlc=', 'YnBsaXN0MDDSAQIDBFR0ZXh0W2F0dGFjaG1lbnRzTxDrcnRmZAAAAAADAAAAAgAAAAcAAABUWFQucnRmAQAAAC6YAAAAKwAAAAEAAACQAAAAe1xydGYxXGFuc2lcYW5zaWNwZzEyNTJcY29jb2FydGYyNjM5Clxjb2NvYXRleHRzY2FsaW5nMFxjb2NvYXBsYXRmb3JtMntcZm9udHRibH0Ke1xjb2xvcnRibDtccmVkMjU1XGdyZWVuMjU1XGJsdWUyNTU7fQp7XCpcZXhwYW5kZWRjb2xvcnRibDs7fQp9AQAAACMAAAABAAAABwAAAFRYVC5ydGYQAAAAXRHpZLYBAAAAAAAAAAAAAKAACAANABIAHgEMAAAAAAAAAgEAAAAAAAAABQAAAAAAAAAAAAAAAAAAAQ0=', 'A00ADB3F-3E00-482E-B1E8-64C9D4D47B0F', NULL, 1, '2023-09-09 17:18:26', '2023-09-09 15:18:26', 2),
('8915FF19-64B8-47FD-A6F8-60D5A99507E3', 'Gestion des conflis', 3, 1, 0, 'RXZpdGVyIGxhIHBlcnRlIGTigJlpbmZvcm1hdGlvbiBkdWUgYXV4IGNvbmZsaXRzLiA=', NULL, 'CC9AFD8E-EE69-4FF7-BBE7-635C1E74E438', NULL, 1, '2023-09-09 17:18:26', '2023-09-09 15:18:26', 2),
('8CF233D3-8F2A-4FCE-8EFE-3B23E0A16B28', 'Enregistrement des informations de connexion', 1, 2, 0, 'UGVybWV0dHJlIMOgIGzigJl1dGlsaXNhdGV1ciBkZSByZXRyb3V2ZXIgc2VzIGluZm9ybWF0aW9ucyBkZSBjb25uZXhpb24=', 'TG9ycyBk4oCZdW5lIGNvbm5lY3Rpb24gb3UgZOKAmXVuIG5vdXZlYXUgY29tcHRlLCBpbCBmYXV0IGVucmVnaXN0cmVyIGxlcyBpbmZvcm1hdGlvbnMgZGUgY29ubmV4aW9uIChtb3QgZGUgcGFzc2UgZXQgZW1haWwp', 'CC9AFD8E-EE69-4FF7-BBE7-635C1E74E438', NULL, 1, '2023-09-09 17:18:26', '2023-09-09 15:18:26', 2),
('97BCA37B-3502-4A51-92D7-3504ADF88FEF', 'Sauvegarde automatique', 5, 1, 0, NULL, 'TG9yc3F14oCZdW4gY2hhbXAgZXN0IG1vZGlmacOpLCBpbCBkb2l0IGVucmVnaXN0cmVyIHNhIHZhbGV1ciBhdXRvbWF0aXF1ZW1lbnQuIEplIHBlbnNlIHF1ZSBj4oCZZXN0IGxlIHBsdXMgc2ltcGxlLiA=', '19F2987E-5085-4511-A357-8B8F5BE89523', NULL, 1, '2023-09-09 17:18:26', '2023-09-09 15:18:26', 2),
('99F6EB2A-062A-470C-A071-EA0C8BE99B79', 'Adaptation de l’encodage selon que l’on fait une update, un ajout ou une suppression', 0, 1, 0, 'Q29tbWUgdW4gU3luY2hyb25pemUgZXN0IHNlbnPDqSDDqnRyZSBsacOpIMOgIHVuZSBNb2RpZmljYXRpb24gcG91ciAgw6p0cmUgZW5jb2TDqSwgaWwgZmF1dCBsaW1pdGVyIGxlcyBjb2xvbm5lcyBlbnZvecOpZXMgc3VyIGxlIHNlcnZlciBzZWxvbiBxdWUgbOKAmW9uICBlc3QgZW4gdXBkYXRlLCBlbiBpbnNlcnQgb3UgZW4gZGVsZXRlLg==', 'RGVwdWlzIHVuIFN5bmNocm9uaXplLCBvbiBhIGFjY8OocyBhdSBNb2RpZmljYXRpb24uIERhbnMgY2UgY2FzLCBpbCBmYXV0IGxpbWl0ZXIgbGVzIGNvbG9ubmVzIGRlIGxhIHNvcnRlcyA6IAotIEluc2VydCA6IE1ldHRyZSB0b3V0ZXMgbGVzIGNvbG9ubmVzCi0gVXBkYXRlIDogTWV0dHJlIHRvdXRlcyBsZXMgY29sb25uZXMgc2F1ZiBjZWxsZXMgbGnDqWVzIGF1eCByZWxhdGlvbnMgKHJlbGF0aW9ucyBkZSB0eXBlIGhpZXJhcmNoaWUuIExlcyDigJxsYXN0U2VsZWN0ZWTigJ0gc29udCBlbnZvecOpcyBzdXIgbGUgc2VydmV1ciwgbWFpcyBwYXMgbGVzIFByb2R1Y3QgcGFyIGV4ZW1wbGUpCi0gRGVsZXRlIDogU2V1bGVtZW50IGzigJllbnRpdMOpIGV0IGzigJlVVUlE', 'CC9AFD8E-EE69-4FF7-BBE7-635C1E74E438', NULL, 1, '2023-09-09 17:18:26', '2023-09-09 15:18:26', 2),
('9B6492A9-749D-42F8-BB09-36D8942E8C3B', 'Ajout d’un délais facultatif aux ToDo', 0, 2, 0, 'YnBsaXN0MDDSAQIDBFR0ZXh0W2F0dGFjaG1lbnRzTxECwnJ0ZmQAAAAAAwAAAAIAAAAHAAAAVFhULnJ0ZgEAAAAubwIAACsAAAABAAAAZwIAAHtccnRmMVxhbnNpXGFuc2ljcGcxMjUyXGNvY29hcnRmMjYzOQpcY29jb2F0ZXh0c2NhbGluZzBcY29jb2FwbGF0Zm9ybTJ7XGZvbnR0YmxcZjBcZm5pbFxmY2hhcnNldDAgSGVsdmV0aWNhTmV1ZTt9CntcY29sb3J0Ymw7XHJlZDI1NVxncmVlbjI1NVxibHVlMjU1O1xyZWQyNTVcZ3JlZW4yNTVcYmx1ZTI1NTt9CntcKlxleHBhbmRlZGNvbG9ydGJsOztcY3NzcmdiXGMxMDAwMDBcYzEwMDAwMFxjMTAwMDAwXGM4NDcwNjt9ClxwYXJkXHR4NTYwXHR4MTEyMFx0eDE2ODBcdHgyMjQwXHR4MjgwMFx0eDMzNjBcdHgzOTIwXHR4NDQ4MFx0eDUwNDBcdHg1NjAwXHR4NjE2MFx0eDY3MjAKClxmMFxmczI4IFxjZjIgTFwnOTJpZFwnZTllIGVzdCBkZSBmYWlyZSBlbiBzb3J0ZSBwb3VyIHF1ZSBsXCc5Mm9uIHB1aXNzZSBham91dGVyIGRlcyBEXCdlOWxhaXMgYXV4IFRvRG8gZXQgc2F2b2lyIHF1YW5kIGlscyBkb2l2ZW50IFwnZWF0cmUgclwnZTlhbGlzXCdlOXMuIENlbGEgc2VydCBwb3VyICBkXCdlOXRlcm1pbmVyIGxlcyBRdWV1ZXMsICBwYXJjZSBxdWUgbFwnOTJpZFwnZTllcyBlc3QgdG91dCBkZSBtXCdlYW1lIGRlIHJlbmRyZSBjZXMgUXVldWVzIHVuIHBldSBkeW5hbWlxdWVzLiAgfQEAAAAjAAAAAQAAAAcAAABUWFQucnRmEAAAANYT4WO2AQAAAAAAAAAAAACgAAgADQASAB4C5AAAAAAAAAIBAAAAAAAAAAUAAAAAAAAAAAAAAAAAAALl', 'YnBsaXN0MDDSAQIDBFR0ZXh0W2F0dGFjaG1lbnRzTxDrcnRmZAAAAAADAAAAAgAAAAcAAABUWFQucnRmAQAAAC6YAAAAKwAAAAEAAACQAAAAe1xydGYxXGFuc2lcYW5zaWNwZzEyNTJcY29jb2FydGYyNjM5Clxjb2NvYXRleHRzY2FsaW5nMFxjb2NvYXBsYXRmb3JtMntcZm9udHRibH0Ke1xjb2xvcnRibDtccmVkMjU1XGdyZWVuMjU1XGJsdWUyNTU7fQp7XCpcZXhwYW5kZWRjb2xvcnRibDs7fQp9AQAAACMAAAABAAAABwAAAFRYVC5ydGYQAAAAlxPhY7YBAAAAAAAAAAAAAKAACAANABIAHgEMAAAAAAAAAgEAAAAAAAAABQAAAAAAAAAAAAAAAAAAAQ0=', '9F9784F9-C8FB-40DB-A7DE-D5DA89CC9C3B', NULL, 1, '2023-09-09 17:18:26', '2023-09-09 15:18:26', 2),
('A2E69C3B-E2B0-4DB4-9A26-BD973564E018', 'Messages d’erreur pour indiquer les problèmes', 0, 1, 0, 'SW5mb3JtZXIgbOKAmXV0aWxpc2F0ZXVyIGxvcnNxdeKAmWlsIGEgZmFpdCBxdWVscXVlIGNob3NlIGRlIGZhdXg=', 'TG9yc3F1ZSBs4oCZdXRpbGlzYXRldXIgZmFpdCB1biB0cnVjIGZhdXgsIGlsIGZhdWRyYWl0IGx1aSBtZXR0cmUgdW4gbWVzc2FnZSwgTWFpcyBj4oCZZXN0IHRvdWpvdXJzIGRhbnMgbGEgbcOqbWUgbGlnbmUgZOKAmWVyZ29ub21pZSA6IGlsIG5lIGZhdXQgcGFzIHBlcnR1cmJlciBzb24gdHJhdmFpbC4gRG9uYyAgaWwgZG9pdCDDqnRyZSBmZXJtYWJsZSAgYXZlYyB1bmUgc2ltcGxlIHRvdWNoZS4gSmUgcGVuc2UgcXVlIGxlIG1pZXV4IGVzdCAgc2ltcGxlbWVudCBk4oCZYWZmaWNoZXIgdW5lIFVJQWxlcnQuIAoKVW4gZXhlbXBsZSBwb3VyIGNlIHR5cGUgZGUgbWVzc2FnZSBzZXJhaXQgbG9yc3F1ZSBsZSBub20gbuKAmWVzdCBwYXMgcmVtcGxpIGVuIMOpZGl0aW9u4oCm', '19F2987E-5085-4511-A357-8B8F5BE89523', NULL, 1, '2023-09-09 17:18:26', '2023-09-09 15:18:26', 2),
('B96627A9-079D-4738-8457-12C1C5EB3F30', 'Mettre plusieurs playlists', 0, 1, 0, 'UGVybWV0dHJlIGTigJllbnJlZ2lzdHJlciBwbHVzaWV1cnMgcGxheWxpc3RzIGRhbnMgIGzigJlhcHBsaWNhdGlvbi4gQ2VsYSBwZXJtZXR0cmEgZOKAmcOpdml0ZXIgZGUgZGV2b2lyIMOgIGNoYXF1ZSBmb2lzIGNvcGllci1jb2xsZXIgbGUgbGllbiBsb3JzcXVlIGplIGNyw6llIHVuIG5vdXZlbGxlIHBsYXlsaXN04oCm', 'RmFpcmUgdW5lIGludGVyZmFjZSBkZSBnZXN0aW9uIGRlcyBwYXlsaXN0cy4gSWwgZmF1ZHJhIGRvbmMgZmFpcmUgdW5lIG5vdXZlbGxlIHZ1ZS4g', '7D3FD4B2-9449-444D-8D13-3548F4E99541', NULL, 1, '2023-09-09 17:18:26', '2023-09-09 15:18:26', 2),
('BE0F7FD1-2165-4C6A-AEE8-2B7A764C89C2', 'Serveur pour la synchronisation', 0, 1, 0, 'UGVybWV0dHJlIGxhIHN5bmNocm9uaXNhdGlvbiBkdSBjw7R0w6kgc2VydmV1ciA6IGVudm95ZXIgZGVzIGRvbm7DqWVzIGV0IHN5bmNocm9uaXNlciB0b3V0IGNlIHF1aSBkb2l0IMOqdHJlIHN5bmNocm9uaXNlci4g', 'RmFpcmUgbGEgcGFydGllIGluIGV0IG91dCBkdSBjw7R0w6kgc2VydmV1ciwgc2Vsb24gZGVzY3JpcHRpb24gZGFucyBsYSBGZWF0dXJlLiA=', 'CC9AFD8E-EE69-4FF7-BBE7-635C1E74E438', NULL, 1, '2023-09-09 17:18:26', '2023-09-09 15:18:26', 2),
('C5D60BBF-671A-4E59-9686-300C1D00D742', 'Bug de mise  à jour des projets à la création d’un nouveau', 6, 0, 0, NULL, 'QSBsYSBjcsOpYXRpb24gZOKAmXVuIG5vdXZlYXUgcHJvamV0LCBs4oCZYWZmaWNoYWdlIG7igJllc3QgcGFzIG1pcyDDoCBqb3VyLCBkb25jIGplIG5lIHBldXggcGFzIHZvaXIgcXVlIGrigJlhaSBjcsOpw6kgdW4gbm91dmVhdSBwcm9qZXTigKYKRGUgcGx1cywgbGUgYm91dG9uIGNyw6llciBu4oCZZXN0IHBhcyBkZSBsYSBib25uZSBjb3VsZXVy4oCm', '19F2987E-5085-4511-A357-8B8F5BE89523', NULL, 1, '2023-09-09 17:18:26', '2023-09-09 15:18:26', 2),
('C83ADD1D-CF0C-44CB-A60C-346454F80565', 'Log out ', 1, 1, 0, 'UGVybWV0dHJlIMOgIGzigJl1dGlsaXNhdGV1ciBkZSBzZSBkw6ljb25uZWN0ZXIgYXZlYyB1biBhcHBhcmVpbA==', 'YnBsaXN0MDDSAQIDBFR0ZXh0W2F0dGFjaG1lbnRzTxEDjHJ0ZmQAAAAAAwAAAAIAAAAHAAAAVFhULnJ0ZgEAAAAuOQMAACsAAAABAAAAMQMAAHtccnRmMVxhbnNpXGFuc2ljcGcxMjUyXGNvY29hcnRmMjYzOQpcY29jb2F0ZXh0c2NhbGluZzBcY29jb2FwbGF0Zm9ybTJ7XGZvbnR0YmxcZjBcZnN3aXNzXGZjaGFyc2V0MCBIZWx2ZXRpY2E7fQp7XGNvbG9ydGJsO1xyZWQyNTVcZ3JlZW4yNTVcYmx1ZTI1NTtccmVkMjU1XGdyZWVuMjU1XGJsdWUyNTU7fQp7XCpcZXhwYW5kZWRjb2xvcnRibDs7XGNzZ2VuZXJpY3JnYlxjMTAwMDAwXGMxMDAwMDBcYzEwMDAwMDt9ClxwYXJkXHR4NTYwXHR4MTEyMFx0eDE2ODBcdHgyMjQwXHR4MjgwMFx0eDMzNjBcdHgzOTIwXHR4NDQ4MFx0eDUwNDBcdHg1NjAwXHR4NjE2MFx0eDY3MjBccGFyZGlybmF0dXJhbAoKXGYwXGZzMjQgXGNmMiBBam91dGVyIGNldHRlIGZvbmN0aW9ubmFsaXRcJ2U5IGRhbnMgbGEgdnVlIGRlIGdlc3Rpb24gZHUgY29tcHRlLiBcCkxhIHByb2NcJ2U5ZHVyZSBkZSBkXCdlOWNvbm5lY3Rpb24gc2UgcGFzc2VyYSBkZSBsYSBtYW5pXCdlOHJlIHN1aXZhbnRlIDogXAoxLiBFbnZveWVyIHVuZSByZXF1XCdlYXRlIGF1IHNlcnZldXIgcG91ciBkZW1hbmRlciBsYSBkXCdlOWNvbm5lY3Rpb25cCjIuIFN1ciBsZSBzZXJ2ZXVyIDogc3VwcHJpbWVyIGxhIGxpZ25lIGRhbnMgREVWSUNFUyBxdWkgY29ycmVzcG9uZCBhdSBkZXZpY2UgKGNoZWNrZXIgbGEgY2xcJ2U5IHByaXZcJ2U5ZSBkZSBsXCc5MmFwcGFyZWlsIHVuaXF1ZW1lbnQsIHBhcyBkXCc5MmVudm9pIGR1IG1vdCBkZSBwYXNzZSAhKVwKMy4gRHUgY1wnZjR0XCdlOSBjbGllbnQgOiBzdXBwcmltZXIgbGVzIG9iamV0cyBEZXZpY2UgZXQgVXNlciBkZSBsYSBLZXljaGFpbn0BAAAAIwAAAAEAAAAHAAAAVFhULnJ0ZhAAAAA6F5RktgEAAAAAAAAAAAAAoAAIAA0AEgAeA64AAAAAAAACAQAAAAAAAAAFAAAAAAAAAAAAAAAAAAADrw==', 'CC9AFD8E-EE69-4FF7-BBE7-635C1E74E438', NULL, 1, '2023-09-09 17:18:26', '2023-09-09 15:18:26', 2),
('D26F77D2-C5C9-4464-8E28-71C1C0BC289E', 'Sécurisation de l’identité de l’appareil', 0, 1, 0, 'QXVnbWVudGVyIGxlIG5pdmVhdSBkZSBzw6ljdXJpdMOpIGVuIGFqb3V0YW50IHVuZSByZWNvbm5haXNzYW5jZSBkZSBs4oCZYXBwYXJlaWw=', 'SWwgeSBhIHVuZSBDYXBhYmlsaXR5IHF1aSBwZXJtZXQgZGUgZ8OpbsOpcmVyIGRlcyBjbMOpcyBwb3VyIHJlY29ubmHDrnRyZSBs4oCZYXBwYXJlaWwuIElsIGZhdWRyYWl0IHJlZ2FyZGVyIGNvbW1lbnQgw6dhIGZvbmN0aW9ubmVyIGV0IHZvaXIgc2kgamUgcGV1eCBs4oCZaW1wbMOpbWVudGVyLiA=', 'CC9AFD8E-EE69-4FF7-BBE7-635C1E74E438', NULL, 1, '2023-09-09 17:18:26', '2023-09-09 15:18:26', 2),
('D446C553-86F9-4EC9-8D10-E4C34BF69395', 'Corrections', 0, 1, 0, 'YnBsaXN0MDDSAQIDBFR0ZXh0W2F0dGFjaG1lbnRzTxDrcnRmZAAAAAADAAAAAgAAAAcAAABUWFQucnRmAQAAAC6YAAAAKwAAAAEAAACQAAAAe1xydGYxXGFuc2lcYW5zaWNwZzEyNTJcY29jb2FydGYyNjM5Clxjb2NvYXRleHRzY2FsaW5nMFxjb2NvYXBsYXRmb3JtMntcZm9udHRibH0Ke1xjb2xvcnRibDtccmVkMjU1XGdyZWVuMjU1XGJsdWUyNTU7fQp7XCpcZXhwYW5kZWRjb2xvcnRibDs7fQp9AQAAACMAAAABAAAABwAAAFRYVC5ydGYQAAAATW VZLYBAAAAAAAAAAAAAKAACAANABIAHgEMAAAAAAAAAgEAAAAAAAAABQAAAAAAAAAAAAAAAAAAAQ0=', 'YnBsaXN0MDDSAQIDBFR0ZXh0W2F0dGFjaG1lbnRzTxEMXnJ0ZmQAAAAAAwAAAAIAAAAHAAAAVFhULnJ0ZgEAAAAuCwwAACsAAAABAAAAAwwAAHtccnRmMVxhbnNpXGFuc2ljcGcxMjUyXGNvY29hcnRmMjYzOQpcY29jb2F0ZXh0c2NhbGluZzBcY29jb2FwbGF0Zm9ybTJ7XGZvbnR0YmxcZjBcZm5pbFxmY2hhcnNldDAgSGVsdmV0aWNhTmV1ZTtcZjFcZm5pbFxmY2hhcnNldDAgTHVjaWRhR3JhbmRlO30Ke1xjb2xvcnRibDtccmVkMjU1XGdyZWVuMjU1XGJsdWUyNTU7XHJlZDI1NVxncmVlbjI1NVxibHVlMjU1O30Ke1wqXGV4cGFuZGVkY29sb3J0Ymw7O1xjc2dlbmVyaWNyZ2JcYzEwMDAwMFxjMTAwMDAwXGMxMDAwMDA7fQp7XCpcbGlzdHRhYmxle1xsaXN0XGxpc3R0ZW1wbGF0ZWlkMVxsaXN0aHlicmlke1xsaXN0bGV2ZWxcbGV2ZWxuZmMyM1xsZXZlbG5mY24yM1xsZXZlbGpjMFxsZXZlbGpjbjBcbGV2ZWxmb2xsb3cwXGxldmVsc3RhcnRhdDFcbGV2ZWxzcGFjZTM2MFxsZXZlbGluZGVudDB7XCpcbGV2ZWxtYXJrZXIgXHtjaXJjbGVcfX17XGxldmVsdGV4dFxsZXZlbHRlbXBsYXRlaWQxXCcwMVx1YzBcdTk3MDIgO317XGxldmVsbnVtYmVyczt9XGZpLTM2MFxsaTcyMFxsaW43MjAgfXtcbGlzdG5hbWUgO31cbGlzdGlkMX0Ke1xsaXN0XGxpc3R0ZW1wbGF0ZWlkMlxsaXN0aHlicmlke1xsaXN0bGV2ZWxcbGV2ZWxuZmMyM1xsZXZlbG5mY24yM1xsZXZlbGpjMFxsZXZlbGpjbjBcbGV2ZWxmb2xsb3cwXGxldmVsc3RhcnRhdDFcbGV2ZWxzcGFjZTM2MFxsZXZlbGluZGVudDB7XCpcbGV2ZWxtYXJrZXIgXHtjaXJjbGVcfX17XGxldmVsdGV4dFxsZXZlbHRlbXBsYXRlaWQxMDFcJzAxXHVjMFx1OTcwMiA7fXtcbGV2ZWxudW1iZXJzO31cZmktMzYwXGxpNzIwXGxpbjcyMCB9e1xsaXN0bmFtZSA7fVxsaXN0aWQyfQp7XGxpc3RcbGlzdHRlbXBsYXRlaWQzXGxpc3RoeWJyaWR7XGxpc3RsZXZlbFxsZXZlbG5mYzIzXGxldmVsbmZjbjIzXGxldmVsamMwXGxldmVsamNuMFxsZXZlbGZvbGxvdzBcbGV2ZWxzdGFydGF0MVxsZXZlbHNwYWNlMzYwXGxldmVsaW5kZW50MHtcKlxsZXZlbG1hcmtlciBce2NpcmNsZVx9fXtcbGV2ZWx0ZXh0XGxldmVsdGVtcGxhdGVpZDIwMVwnMDFcdWMwXHU5NzAyIDt9e1xsZXZlbG51bWJlcnM7fVxmaS0zNjBcbGk3MjBcbGluNzIwIH17XGxpc3RuYW1lIDt9XGxpc3RpZDN9fQp7XCpcbGlzdG92ZXJyaWRldGFibGV7XGxpc3RvdmVycmlkZVxsaXN0aWQxXGxpc3RvdmVycmlkZWNvdW50MFxsczF9e1xsaXN0b3ZlcnJpZGVcbGlzdGlkMlxsaXN0b3ZlcnJpZGVjb3VudDBcbHMyfXtcbGlzdG92ZXJyaWRlXGxpc3RpZDNcbGlzdG92ZXJyaWRlY291bnQwXGxzM319ClxkZWZ0YWI1NjAKXHBhcmRccGFyZGVmdGFiNTYwXHBhcmRpcm5hdHVyYWxccGFydGlnaHRlbmZhY3RvcjAKXGxzMVxpbHZsMApcZjBcZnMyNiBcY2YyIHtcbGlzdHRleHQJClxmMSBcdWMwXHU5NzAyIApcZjAgCX1ham91dGVyIGRhbnMgbGEgcmVjaGVyY2hlIGxhIGNvbG9ubmUgYXZlYyBsZSB0eXBlIChBam91dGVyIHVuIHBhcmFtXCdlOHRyZSBwb3VyIHNcJ2U5bGVjdGlvbm5lciB1biB0eXBlIGRlIHJlc3NvdXJjZSlcCntcbGlzdHRleHQJClxmMSBcdWMwXHU5NzAyIApcZjAgCX1Qb3VyIGZhaXJlIGxhIHJlY2hlcmNoZSwgamUgZG9pcyByZWdhcmRlciBkYW5zIGxlcyBjb2xvbm5lcyA6IE5cJ2IwRU1JLCBOb20sIEtTS1QgKE5cJ2IwICsgbm9tKSwgTUVIX0JFWkYsIE1BX09QR01BIChFdCBhZmZpY2hlciBjZXMgY29sb25uZXMpXAp7XGxpc3R0ZXh0CQpcZjEgXHVjMFx1OTcwMiAKXGYwIAl9RGFucyBsZXMgdGFyaWZzIGRlIGNvbXBlbnNhdGlvbiwgbWFzcXVlciBwYXIgZFwnZTlmYXV0IGNldXggcXVpIG5lIHNvbnQgcGFzIGFjdGlmcyAobG9yc3F1XCc5MmlscyBvbnQgbGUgbVwnZWFtZSBDQ08sICsgbVwnZWFtZSBuaXZlYXUgdGFyaWZhaXJlKSwgaS5lLiBtb250cmVyIHNldWxlbWVudCBsZSBwbHVzIHJcJ2U5Y2VudC4gTWV0dHJlIHVuIGJvdXRvbiBwb3VyIGFmZmljaGVyIGxlcyBhdXRyZXMuIFwKe1xsaXN0dGV4dAkKXGYxIFx1YzBcdTk3MDIgClxmMCAJfUdcJ2U5cmVyIGxlcyB0eXBlcyBkZSB0YXJpZnNcCntcbGlzdHRleHQJClxmMSBcdWMwXHU5NzAyIApcZjAgCX1NaWdyZXIgbGVzIGRvbm5cJ2U5ZXMgTUFUWVBcClxwYXJkXHBhcmRlZnRhYjU2MFxwYXJkaXJuYXR1cmFsXHBhcnRpZ2h0ZW5mYWN0b3IwClxsczJcaWx2bDBcY2YyIC0gQWpvdXRlciBsZXMgY29kZXMgZGFucyBsZXMgdHlwZXMgZFwnOTJlbnJlZ2lzdHJlbWVudCBkYW5zIGxlcyBncm91cGVzL3NvdXMtZ3JvdXBlcyBhcnRpY2xlcyBldCBsYSBidWxsZSAtPiBmYWl0XApccGFyZFxwYXJkZWZ0YWI1NjBccGFyZGlybmF0dXJhbFxwYXJ0aWdodGVuZmFjdG9yMApcbHMzXGlsdmwwXGNmMiB7XGxpc3R0ZXh0CQpcZjEgXHVjMFx1OTcwMiAKXGYwIAl9VGFyaWZzIGRlIGNvbXBlbnNhdGlvbiA6IE9uIG5lIHBldXQgcGFzIGF2b2lyIGRldXggXCc5M1Byb3Bvc1wnZTkgXCdlMCBsYSBzYWlzaWVcJzk0IHZhbGlkZXMgc3VyIFwnOTNPdWlcJzk0IFwnZTAgbGEgZm9pcy4gSWwgZmF1dCBpbnRlcmRpcmUgXCdlN2EuIERlIHBsdXMsIGNldHRlIHZhbGV1ciBhZ2l0IGF1IG5pdmVhdSBkdSBDQ08sIGRvbmMgc2kgalwnOTJhdmFpcyBcJzkzT3VpXCc5NCBzdXIgQ0NPPTIxIFwnZTAgdW4gbW9tZW50IGRvbm5cJ2U5LCBcJ2U3YSBkb2l0IHNcJzkyYXBwbGlxdWVyIFwnZTAgdG91cyBsZXMgYXV0cmVzLiBDaGFuZ2VyIGxlIHRleHQgOiBcJzkzUHJvcG9zXCdlOSBwYXIgZFwnZTlmYXV0IFwnZTAgbGEgc2Fpc2llXCc5NFwKe1xsaXN0dGV4dAkKXGYxIFx1YzBcdTk3MDIgClxmMCAJfVBvdXIgbGVzIHNhaXNpZXMgOiBPcFwnZTlyYXRpb25zIGRlIHZhbGlkYXRpb24gcGFyIGxcJzkyZW1wbG95XCdlOSArIHBhciBsZSB0ZWNobmljaWVuLiBMXCc5MmFmZmljaGFnZSBkdSB0ZWNobmljaWVuIHZvaXQgbGVzIHR5cGVzIGRcJzkyb3BcJ2U5cmF0aW9uIGV0IGxlcyBwcml4LCBtYWlzIHBhcyBsXCc5MmVtcGxveVwnZTkuIFwKe1xsaXN0dGV4dAkKXGYxIFx1YzBcdTk3MDIgClxmMCAJfUNyXCdlOWVyIHVuIG5vdXZlYXUgdHlwZSBkXCc5Mm9wXCdlOXJhdGlvbiA2MDAgcG91ciBsZSBqb3VybmFsIGRlIGxpdnJhaXNvblwKfQEAAAAjAAAAAQAAAAcAAABUWFQucnRmEAAAAC ClWS2AQAAAAAAAAAAAACgAAgADQASAB4MgAAAAAAAAAIBAAAAAAAAAAUAAAAAAAAAAAAAAAAAAAyB', 'D369ED01-7F13-4EC2-A667-D696DB629B70', NULL, 1, '2023-09-09 17:18:26', '2023-09-09 15:18:26', 2),
('D6DF7581-2168-49A8-9D41-8F7A8BCAC115', 'Recharger les ToDo lorsque l’on change le projet', 6, 1, 0, NULL, 'SWwgZmF1ZHJhaXQgcXVlIGxlcyBUb0RvIHNvaWVudCByZWNoYXJnw6lzIGF1IG1vbWVudCBvw7kgbOKAmW9uIGNoYW5nZSBsZSBwcm9qZXQuIEFjdHVlbGxlbWVudCwgbG9yc3F1ZSBs4oCZb24gY2hhbmdlIGRlIHByb2pldCwgbGVzIFRvRG8gZMOpasOgIGNoYXJnw6lzIG5lIHNvbnQgcGFzIHZpZMOpcy4=', '979B07BE-17A0-4F6E-8170-C352CB8C0787', NULL, 1, '2023-09-09 17:18:26', '2023-09-09 15:18:26', 2),
('D88780A4-9D71-47EA-8959-76A2F743D770', 'Bug at deinitialization of a CanvasView', 0, 1, 0, 'YnBsaXN0MDDSAQIDBFR0ZXh0W2F0dGFjaG1lbnRzTxDrcnRmZAAAAAADAAAAAgAAAAcAAABUWFQucnRmAQAAAC6YAAAAKwAAAAEAAACQAAAAe1xydGYxXGFuc2lcYW5zaWNwZzEyNTJcY29jb2FydGYyNjM5Clxjb2NvYXRleHRzY2FsaW5nMFxjb2NvYXBsYXRmb3JtMntcZm9udHRibH0Ke1xjb2xvcnRibDtccmVkMjU1XGdyZWVuMjU1XGJsdWUyNTU7fQp7XCpcZXhwYW5kZWRjb2xvcnRibDs7fQp9AQAAACMAAAABAAAABwAAAFRYVC5ydGYQAAAAyor8ZLYBAAAAAAAAAAAAAKAACAANABIAHgEMAAAAAAAAAgEAAAAAAAAABQAAAAAAAAAAAAAAAAAAAQ0=', 'YnBsaXN0MDDSAQIDBFR0ZXh0W2F0dGFjaG1lbnRzTxEC3HJ0ZmQAAAAAAwAAAAIAAAAHAAAAVFhULnJ0ZgEAAAAuiQIAACsAAAABAAAAgQIAAHtccnRmMVxhbnNpXGFuc2ljcGcxMjUyXGNvY29hcnRmMjYzOQpcY29jb2F0ZXh0c2NhbGluZzBcY29jb2FwbGF0Zm9ybTJ7XGZvbnR0YmxcZjBcZm5pbFxmY2hhcnNldDAgSGVsdmV0aWNhTmV1ZTt9CntcY29sb3J0Ymw7XHJlZDI1NVxncmVlbjI1NVxibHVlMjU1O1xyZWQyNTVcZ3JlZW4yNTVcYmx1ZTI1NTt9CntcKlxleHBhbmRlZGNvbG9ydGJsOztcY3NzcmdiXGMxMDAwMDBcYzEwMDAwMFxjMTAwMDAwXGM4NDcwNjt9ClxwYXJkXHR4NTYwXHR4MTEyMFx0eDE2ODBcdHgyMjQwXHR4MjgwMFx0eDMzNjBcdHgzOTIwXHR4NDQ4MFx0eDUwNDBcdHg1NjAwXHR4NjE2MFx0eDY3MjAKClxmMFxmczI4IFxjZjIgUHJvY2VkdXJlOiBDcmVhdGUgYSBuZXcgZWRpdGluZyB6b25lLCBkZWxldGUgdGhlIG5ldyBpbnNlcnRlZCBkcmF3aW5nIHpvbmUsIGNoYW5nZSB0aGUgVG9Eb1wKXApUaGUgcHJvYmxlbSBpcyB0aGF0IEVkaXRvclZpZXcgaXMgZGVhbGxvY2F0ZWQgdG9vIGVhcmx5LCBiZWZvcmUgZXhlY3V0aW9uIG9mIHRoZSBkZWluaXQgbWV0aG9kLiBUbyBzb2x2ZSB0aGUgYnVnLCBJIG5lZWQgdG8gZXhlY3V0ZSB0aGUgY29kZSBvZiBkZWluaXQgd2hlbiBJIGRlbGV0ZSB0aGUgY2FudmFzVmlldyBmcm9tIHRoZSBFZGl0b3JWaWV3LiB9AQAAACMAAAABAAAABwAAAFRYVC5ydGYQAAAAbIv8ZLYBAAAAAAAAAAAAAKAACAANABIAHgL AAAAAAAAAgEAAAAAAAAABQAAAAAAAAAAAAAAAAAAAv8=', 'A00ADB3F-3E00-482E-B1E8-64C9D4D47B0F', NULL, 1, '2023-09-09 17:18:26', '2023-09-09 15:18:26', 2),
('D88C271E-773F-4941-82E3-F7FDCEADC909', 'Conservation de l’état', 6, 1, 0, 'RmFpcmUgZW4gc29ydGUgcG91ciBxdWUgbG9yc3F1ZSBs4oCZb24gY2hhbmdlIGxhIHPDqWxlY3Rpb24gZOKAmXVuIHByb2pldCwgbOKAmW9uIHJldmllbm5lIGF1eCBzw6lsZWN0aW9ucyBkYW5zIGxlcyBkZXV4IFVJQ29sbGVjdGlvblZpZXcgcXVlIGzigJlvbiBhdmFpdCBsYSBkZXJuacOocmUgZm9pcy4=', 'MS4gQWpvdXRlciB1bmUgcHJvcHJpw6l0w6kg4oCcTGFzdFNlbGVjdGVk4oCdIGF1eCBQcm9kdWN0IGV0IGF1eCBTdWJQcm9kdWN0LCBxdWkgY29udGllbmRyYSBsZSBkZXJuaWVyIMOpbMOpbWVudCBlbmZhbnQgc8OpbGVjdGlvbm7DqS4gCjIuIExvcnMgZGUgbGEgc8OpbGVjdGlvbiBk4oCZdW4gcHJvamV0LCBpbCBmYXV0IGFsbGVyIHPDqWxlY3Rpb25uZXIgZGFucyBsZXMgZGV1eCBjb2xsZWN0aW9uVmlldyBsZXMgZGVybmllcnMgw6lsw6ltZW50cyBzw6lsZWN0aW9ubsOpcwo=', '19F2987E-5085-4511-A357-8B8F5BE89523', NULL, 1, '2023-09-09 17:18:26', '2023-09-09 15:18:26', 2);

-- --------------------------------------------------------

--
-- Table structure for table `Users`
--
DROP TABLE IF EXISTS `Users`;
CREATE TABLE `Users` (
  `USER_ID` int(11) NOT NULL,
  `USER_FIRSTNAME` varchar(30) NOT NULL,
  `USER_LASTNAME` varchar(30) NOT NULL,
  `USER_EMAIL` varchar(30) NOT NULL,
  `USER_PASSWORD` varchar(255) NOT NULL
) ENGINE=InnoDB DEFAULT CHARSET=utf8;

--
-- Dumping data for table `Users`
--

/*INSERT INTO `Users` (`USER_ID`, `USER_FIRSTNAME`, `USER_LASTNAME`, `USER_EMAIL`, `USER_PASSWORD`) VALUES
(1, 'TestSystem', 'SYSTEM', 'damien.jaccoud@hotmail.com', '$2y$10$nswoRK7V96vy4E14NX3CM.o/PiRDOdTc4BWX6b4Il1URO5J3AE.Si');*/

--
-- Indexes for dumped tables
--

--
-- Indexes for table `DeleteTracker`
--
ALTER TABLE `DeleteTracker`
  ADD PRIMARY KEY (`DeleteTracker_ID`);

--
-- Indexes for table `DEVICES`
--
ALTER TABLE `DEVICES`
  ADD PRIMARY KEY (`DEVICE_ID`);

--
-- Indexes for table `Entites`
--
ALTER TABLE `Entites`
  ADD PRIMARY KEY (`Entity_ID`);

--
-- Indexes for table `Feature`
--
ALTER TABLE `Feature`
  ADD PRIMARY KEY (`FEATURE_ID`);

--
-- Indexes for table `Product`
--
ALTER TABLE `Product`
  ADD PRIMARY KEY (`PRODUCT_ID`);

--
-- Indexes for table `ProgramClass`
--
ALTER TABLE `ProgramClass`
  ADD PRIMARY KEY (`PROGRAMCLASS_ID`);

--
-- Indexes for table `SynchronisationRequests`
--
ALTER TABLE `SynchronisationRequests`
  ADD PRIMARY KEY (`SR_ID`);

--
-- Indexes for table `ToDo`
--
ALTER TABLE `ToDo`
  ADD PRIMARY KEY (`TODO_ID`);

--
-- Indexes for table `Users`
--
ALTER TABLE `Users`
  ADD PRIMARY KEY (`USER_ID`);

--
-- AUTO_INCREMENT for dumped tables
--

--
-- AUTO_INCREMENT for table `DeleteTracker`
--
ALTER TABLE `DeleteTracker`
  MODIFY `DeleteTracker_ID` int(11) NOT NULL AUTO_INCREMENT;

--
-- AUTO_INCREMENT for table `DEVICES`
--
ALTER TABLE `DEVICES`
  MODIFY `DEVICE_ID` int(11) NOT NULL AUTO_INCREMENT COMMENT 'Clé  primaire', AUTO_INCREMENT=5;

--
-- AUTO_INCREMENT for table `Entites`
--
ALTER TABLE `Entites`
  MODIFY `Entity_ID` int(11) NOT NULL AUTO_INCREMENT, AUTO_INCREMENT=5;

--
-- AUTO_INCREMENT for table `SynchronisationRequests`
--
ALTER TABLE `SynchronisationRequests`
  MODIFY `SR_ID` int(11) NOT NULL AUTO_INCREMENT;

--
-- AUTO_INCREMENT for table `Users`
--
ALTER TABLE `Users`
  MODIFY `USER_ID` int(11) NOT NULL AUTO_INCREMENT, AUTO_INCREMENT=2;
COMMIT;

/*!40101 SET CHARACTER_SET_CLIENT=@OLD_CHARACTER_SET_CLIENT */;
/*!40101 SET CHARACTER_SET_RESULTS=@OLD_CHARACTER_SET_RESULTS */;
/*!40101 SET COLLATION_CONNECTION=@OLD_COLLATION_CONNECTION */;
